Date,US IG OAS,US HY OAS,US BBB OAS
2013-01-01,,,
2013-01-02,1.5,5.16,3.36
2013-01-03,1.48,5.06,3.37
2013-01-04,1.46,5.04,3.36
2013-01-07,1.45,5.02,3.34
2013-01-08,1.45,5.02,3.32
2013-01-09,1.46,4.99,3.3
2013-01-10,1.45,4.94,3.32
2013-01-11,1.45,4.93,3.31
2013-01-14,1.45,4.91,3.3
2013-01-15,1.47,4.96,3.28
2013-01-16,1.47,4.95,3.28
2013-01-17,1.47,4.88,3.31
2013-01-18,1.47,4.89,3.29
2013-01-21,1.46,4.88,3.29
2013-01-22,1.47,4.88,3.28
2013-01-23,1.47,4.85,3.28
2013-01-24,1.47,4.82,3.28
2013-01-25,1.45,4.73,3.34
2013-01-28,1.44,4.72,3.36
2013-01-29,1.44,4.78,3.37
2013-01-30,1.45,4.84,3.38
2013-01-31,1.48,4.95,3.42
2013-02-01,1.47,4.94,3.43
2013-02-04,1.49,5.01,3.42
2013-02-05,1.48,5.01,3.44
2013-02-06,1.49,5.04,3.42
2013-02-07,1.49,5.08,3.41
2013-02-08,1.49,5.08,3.41
2013-02-11,1.48,5.06,3.41
2013-02-12,1.48,5.04,3.43
2013-02-13,1.47,4.97,3.45
2013-02-14,1.47,4.97,3.41
2013-02-15,1.47,4.96,3.42
2013-02-18,1.47,4.95,3.42
2013-02-19,1.47,4.92,3.43
2013-02-20,1.47,4.92,3.43
2013-02-21,1.47,4.99,3.41
2013-02-22,1.47,4.97,3.39
2013-02-25,1.47,4.97,3.34
2013-02-26,1.49,5.02,3.35
2013-02-27,1.49,4.98,3.36
2013-02-28,1.49,4.98,3.36
2013-03-01,1.49,5.0,3.34
2013-03-04,1.49,4.98,3.36
2013-03-05,1.48,4.92,3.36
2013-03-06,1.47,4.88,3.38
2013-03-07,1.46,4.81,3.41
2013-03-08,1.45,4.76,3.44
2013-03-11,1.45,4.75,3.44
2013-03-12,1.45,4.76,3.41
2013-03-13,1.45,4.75,3.41
2013-03-14,1.44,4.71,3.41
2013-03-15,1.45,4.72,3.38
2013-03-18,1.46,4.77,3.37
2013-03-19,1.46,4.78,3.34
2013-03-20,1.47,4.76,3.36
2013-03-21,1.47,4.76,3.36
2013-03-22,1.48,4.78,3.36
2013-03-25,1.47,4.75,3.35
2013-03-26,1.49,4.78,3.35
2013-03-27,1.5,4.81,3.33
2013-03-28,1.5,4.8,3.34
2013-03-29,,,
2013-03-31,1.51,4.86,3.37
2013-04-01,1.51,4.87,3.36
2013-04-02,1.51,4.84,3.37
2013-04-03,1.52,4.87,3.34
2013-04-04,1.51,4.89,3.29
2013-04-05,1.51,4.95,3.25
2013-04-08,1.5,4.9,3.26
2013-04-09,1.49,4.87,3.26
2013-04-10,1.48,4.78,3.29
2013-04-11,1.48,4.73,3.27
2013-04-12,1.48,4.75,3.23
2013-04-15,1.48,4.79,3.22
2013-04-16,1.48,4.78,3.23
2013-04-17,1.49,4.8,3.23
2013-04-18,1.49,4.8,3.23
2013-04-19,1.49,4.78,3.24
2013-04-22,1.48,4.75,3.23
2013-04-23,1.47,4.71,3.22
2013-04-24,1.47,4.66,3.21
2013-04-25,1.47,4.61,3.21
2013-04-26,1.47,4.6,3.18
2013-04-29,1.47,4.53,3.18
2013-04-30,1.47,4.55,3.21
2013-05-01,1.47,4.5,3.18
2013-05-02,1.47,4.45,3.16
2013-05-03,1.45,4.33,3.22
2013-05-06,1.44,4.3,3.23
2013-05-07,1.43,4.24,3.23
2013-05-08,1.43,4.24,3.21
2013-05-09,1.43,4.23,3.22
2013-05-10,1.43,4.23,3.27
2013-05-13,1.43,4.35,3.3
2013-05-14,1.42,4.35,3.3
2013-05-15,1.42,4.36,3.3
2013-05-16,1.43,4.42,3.24
2013-05-17,1.42,4.37,3.29
2013-05-20,1.41,4.34,3.3
2013-05-21,1.42,4.35,3.29
2013-05-22,1.41,4.27,3.34
2013-05-23,1.42,4.42,3.34
2013-05-24,1.42,4.45,3.34
2013-05-27,1.42,4.44,3.34
2013-05-28,1.41,4.35,3.42
2013-05-29,1.43,4.55,3.45
2013-05-30,1.44,4.54,3.46
2013-05-31,1.47,4.62,3.54
2013-06-03,1.48,4.76,3.55
2013-06-04,1.49,4.79,3.57
2013-06-05,1.53,5.03,3.59
2013-06-06,1.55,5.08,3.6
2013-06-07,1.54,4.89,3.65
2013-06-10,1.54,4.86,3.7
2013-06-11,1.58,5.08,3.74
2013-06-12,1.58,5.02,3.76
2013-06-13,1.59,5.11,3.73
2013-06-14,1.57,5.04,3.65
2013-06-17,1.57,4.97,3.67
2013-06-18,1.58,4.96,3.69
2013-06-19,1.57,4.85,3.79
2013-06-20,1.65,5.12,3.97
2013-06-21,1.66,5.09,4.05
2013-06-24,1.72,5.34,4.16
2013-06-25,1.71,5.34,4.17
2013-06-26,1.7,5.29,4.12
2013-06-27,1.68,5.23,4.05
2013-06-28,1.67,5.16,4.04
2013-06-30,1.67,5.21,4.06
2013-07-01,1.67,5.17,4.06
2013-07-02,1.65,5.15,4.04
2013-07-03,1.66,5.15,4.07
2013-07-04,1.66,5.15,4.07
2013-07-05,1.64,5.04,4.22
2013-07-08,1.64,5.11,4.16
2013-07-09,1.62,5.04,4.13
2013-07-10,1.62,4.98,4.15
2013-07-11,1.61,4.9,4.06
2013-07-12,1.6,4.8,4.07
2013-07-15,1.59,4.77,4.01
2013-07-16,1.57,4.72,3.98
2013-07-17,1.57,4.68,3.94
2013-07-18,1.55,4.57,3.93
2013-07-19,1.54,4.56,3.89
2013-07-22,1.53,4.53,3.87
2013-07-23,1.52,4.5,3.88
2013-07-24,1.52,4.55,3.94
2013-07-25,1.53,4.65,3.95
2013-07-26,1.53,4.71,3.92
2013-07-29,1.53,4.69,3.94
2013-07-30,1.53,4.66,3.94
2013-07-31,1.53,4.71,3.97
2013-08-01,1.51,4.63,4.04
2013-08-02,1.53,4.74,3.96
2013-08-05,1.52,4.74,3.98
2013-08-06,1.52,4.76,3.99
2013-08-07,1.53,4.81,3.97
2013-08-08,1.53,4.8,3.96
2013-08-09,1.53,4.8,3.95
2013-08-12,1.53,4.78,3.97
2013-08-13,1.52,4.72,4.04
2013-08-14,1.53,4.69,4.04
2013-08-15,1.54,4.74,4.08
2013-08-16,1.53,4.7,4.13
2013-08-19,1.54,4.71,4.18
2013-08-20,1.55,4.8,4.14
2013-08-21,1.55,4.77,4.19
2013-08-22,1.55,4.73,4.23
2013-08-23,1.54,4.75,4.17
2013-08-26,1.54,4.75,4.15
2013-08-27,1.55,4.82,4.1
2013-08-28,1.55,4.77,4.15
2013-08-29,1.55,4.76,4.12
2013-08-30,,,
2013-09-02,1.55,4.78,4.13
2013-09-03,1.55,4.69,4.2
2013-09-04,1.54,4.64,4.24
2013-09-05,1.55,4.59,4.32
2013-09-06,1.54,4.63,4.28
2013-09-09,1.55,4.66,4.23
2013-09-10,1.55,4.6,4.27
2013-09-11,1.55,4.63,4.24
2013-09-12,1.55,4.61,4.22
2013-09-13,1.54,4.6,4.22
2013-09-16,1.54,4.54,4.17
2013-09-17,1.54,4.59,4.15
2013-09-18,1.56,4.67,4.05
2013-09-19,1.52,4.51,4.03
2013-09-20,1.52,4.54,4.02
2013-09-23,1.52,4.6,4.01
2013-09-24,1.52,4.65,3.97
2013-09-25,1.52,4.7,3.94
2013-09-26,1.52,4.69,3.96
2013-09-27,1.53,4.75,3.96
2013-09-30,1.56,4.83,4.03
2013-10-01,1.55,4.78,4.04
2013-10-02,1.55,4.78,4.02
2013-10-03,1.54,4.75,4.0
2013-10-04,1.54,4.7,4.02
2013-10-07,1.53,4.69,4.01
2013-10-08,1.52,4.68,4.02
2013-10-09,1.52,4.67,4.02
2013-10-10,1.51,4.61,4.02
2013-10-11,1.5,4.62,4.0
2013-10-14,1.5,4.6,3.99
2013-10-15,1.49,4.54,4.0
2013-10-16,1.48,4.55,3.96
2013-10-17,1.48,4.53,3.89
2013-10-18,1.46,4.46,3.87
2013-10-21,1.45,4.41,3.88
2013-10-22,1.45,4.44,3.81
2013-10-23,1.45,4.44,3.79
2013-10-24,1.45,4.4,3.81
2013-10-25,1.45,4.42,3.8
2013-10-28,1.45,4.44,3.8
2013-10-29,1.44,4.45,3.79
2013-10-30,1.45,4.43,3.79
2013-10-31,1.45,4.36,3.82
2013-11-01,1.44,4.31,3.87
2013-11-04,1.45,4.33,3.86
2013-11-05,1.45,4.33,3.9
2013-11-06,1.46,4.35,3.89
2013-11-07,1.46,4.34,3.86
2013-11-08,1.46,4.38,3.96
2013-11-11,1.46,4.38,3.95
2013-11-12,1.46,4.35,3.99
2013-11-13,1.46,4.42,3.96
2013-11-14,1.46,4.41,3.91
2013-11-15,1.45,4.38,3.9
2013-11-18,1.44,4.35,3.86
2013-11-19,1.43,4.31,3.88
2013-11-20,1.43,4.29,3.92
2013-11-21,1.43,4.32,3.91
2013-11-22,1.42,4.3,3.89
2013-11-25,1.41,4.27,3.87
2013-11-26,1.42,4.27,3.84
2013-11-27,1.41,4.24,3.86
2013-11-28,1.41,4.24,3.86
2013-11-29,1.41,4.23,3.86
2013-11-30,1.41,4.27,3.88
2013-12-02,1.4,4.19,3.89
2013-12-03,1.4,4.22,3.87
2013-12-04,1.4,4.19,3.92
2013-12-05,1.4,4.16,3.93
2013-12-06,1.39,4.13,3.94
2013-12-09,1.38,4.11,3.92
2013-12-10,1.38,4.15,3.86
2013-12-11,1.37,4.11,3.89
2013-12-12,1.36,4.11,3.91
2013-12-13,1.35,4.12,3.9
2013-12-16,1.34,4.09,3.89
2013-12-17,1.34,4.15,3.86
2013-12-18,1.33,4.14,3.87
2013-12-19,1.31,4.07,3.89
2013-12-20,1.3,4.04,3.87
2013-12-23,1.3,4.0,3.89
2013-12-24,1.29,3.96,3.93
2013-12-25,,,
2013-12-26,1.29,3.96,3.93
2013-12-27,1.29,3.96,3.93
2013-12-30,1.28,3.97,3.9
2013-12-31,1.28,4.0,3.94
2014-01-01,,,
2014-01-02,1.27,4.0,3.92
2014-01-03,1.27,3.98,3.92
2014-01-06,1.26,3.96,3.89
2014-01-07,1.25,3.92,3.86
2014-01-08,1.25,3.87,3.91
2014-01-09,1.24,3.88,3.89
2014-01-10,1.25,3.95,3.82
2014-01-13,1.25,3.97,3.79
2014-01-14,1.24,3.92,3.81
2014-01-15,1.23,3.87,3.82
2014-01-16,1.23,3.88,3.79
2014-01-17,1.23,3.88,3.78
2014-01-20,1.23,3.88,3.77
2014-01-21,1.22,3.86,3.77
2014-01-22,1.22,3.82,3.8
2014-01-23,1.25,3.92,3.75
2014-01-24,1.27,4.08,3.76
2014-01-27,1.27,4.09,3.78
2014-01-28,1.27,4.08,3.76
2014-01-29,1.28,4.15,3.72
2014-01-30,1.28,4.12,3.74
2014-01-31,1.3,4.21,3.76
2014-02-03,1.32,4.28,3.72
2014-02-04,1.31,4.31,3.74
2014-02-05,1.31,4.28,3.76
2014-02-06,1.29,4.21,3.77
2014-02-07,1.29,4.2,3.73
2014-02-10,1.28,4.16,3.73
2014-02-11,1.27,4.08,3.75
2014-02-12,1.26,4.01,3.77
2014-02-13,1.26,4.07,3.72
2014-02-14,1.25,4.03,3.71
2014-02-17,1.25,4.03,3.71
2014-02-18,1.25,4.01,3.68
2014-02-19,1.24,3.95,3.7
2014-02-20,1.24,3.92,3.71
2014-02-21,1.24,3.9,3.7
2014-02-24,1.23,3.85,3.7
2014-02-25,1.22,3.84,3.66
2014-02-26,1.23,3.84,3.64
2014-02-27,1.23,3.83,3.62
2014-02-28,1.22,3.81,3.64
2014-03-03,1.23,3.87,3.62
2014-03-04,1.22,3.79,3.67
2014-03-05,1.22,3.78,3.67
2014-03-06,1.21,3.78,3.69
2014-03-07,1.21,3.79,3.74
2014-03-10,1.21,3.82,3.74
2014-03-11,1.22,3.82,3.73
2014-03-12,1.23,3.87,3.72
2014-03-13,1.24,3.92,3.68
2014-03-14,1.25,3.96,3.68
2014-03-17,1.24,3.9,3.7
2014-03-18,1.24,3.87,3.68
2014-03-19,1.21,3.74,3.74
2014-03-20,1.21,3.79,3.75
2014-03-21,1.2,3.76,3.73
2014-03-24,1.2,3.75,3.73
2014-03-25,1.19,3.73,3.72
2014-03-26,1.19,3.75,3.68
2014-03-27,1.19,3.77,3.65
2014-03-28,1.17,3.73,3.67
2014-03-31,1.19,3.77,3.71
2014-04-01,1.17,3.73,3.71
2014-04-02,1.16,3.66,3.74
2014-04-03,1.16,3.64,3.73
2014-04-04,1.16,3.68,3.67
2014-04-07,1.15,3.72,3.64
2014-04-08,1.15,3.73,3.63
2014-04-09,1.15,3.74,3.62
2014-04-10,1.15,3.77,3.57
2014-04-11,1.16,3.82,3.56
2014-04-14,1.16,3.76,3.58
2014-04-15,1.16,3.75,3.58
2014-04-16,1.15,3.73,3.59
2014-04-17,1.14,3.68,3.63
2014-04-18,,,
2014-04-21,1.13,3.67,3.63
2014-04-22,1.13,3.65,3.63
2014-04-23,1.13,3.68,3.6
2014-04-24,1.13,3.66,3.6
2014-04-25,1.14,3.69,3.59
2014-04-28,1.14,3.68,3.6
2014-04-29,1.14,3.66,3.6
2014-04-30,1.14,3.71,3.6
2014-05-01,1.14,3.75,3.56
2014-05-02,1.14,3.73,3.56
2014-05-05,1.13,3.74,3.56
2014-05-06,1.13,3.72,3.55
2014-05-07,1.13,3.74,3.53
2014-05-08,1.13,3.75,3.51
2014-05-09,1.13,3.74,3.52
2014-05-12,1.13,3.7,3.55
2014-05-13,1.13,3.7,3.51
2014-05-14,1.13,3.73,3.45
2014-05-15,1.13,3.78,3.43
2014-05-16,1.13,3.77,3.44
2014-05-19,1.13,3.76,3.44
2014-05-20,1.13,3.77,3.42
2014-05-21,1.13,3.77,3.44
2014-05-22,1.13,3.78,3.46
2014-05-23,1.13,3.78,3.44
2014-05-26,1.13,3.78,3.43
2014-05-27,1.12,3.76,3.42
2014-05-28,1.13,3.8,3.36
2014-05-29,1.12,3.78,3.36
2014-05-30,1.11,3.75,3.37
2014-05-31,1.12,3.67,3.4
2014-06-02,1.12,3.61,3.46
2014-06-03,1.12,3.59,3.49
2014-06-04,1.12,3.59,3.5
2014-06-05,1.12,3.59,3.48
2014-06-06,1.1,3.53,3.48
2014-06-09,1.09,3.5,3.48
2014-06-10,1.08,3.46,3.49
2014-06-11,1.09,3.46,3.5
2014-06-12,1.09,3.5,3.46
2014-06-13,1.09,3.47,3.49
2014-06-16,1.09,3.43,3.48
2014-06-17,1.08,3.39,3.52
2014-06-18,1.09,3.41,3.49
2014-06-19,1.08,3.39,3.48
2014-06-20,1.08,3.36,3.48
2014-06-23,1.07,3.35,3.47
2014-06-24,1.06,3.37,3.44
2014-06-25,1.07,3.43,3.42
2014-06-26,1.07,3.47,3.4
2014-06-27,1.08,3.48,3.4
2014-06-30,1.09,3.53,3.42
2014-07-01,1.09,3.5,3.46
2014-07-02,1.08,3.46,3.5
2014-07-03,1.08,3.44,3.52
2014-07-04,1.08,3.44,3.52
2014-07-07,1.07,3.44,3.5
2014-07-08,1.07,3.48,3.46
2014-07-09,1.08,3.51,3.45
2014-07-10,1.09,3.62,3.44
2014-07-11,1.08,3.61,3.43
2014-07-14,1.08,3.57,3.44
2014-07-15,1.08,3.6,3.45
2014-07-16,1.08,3.63,3.45
2014-07-17,1.09,3.74,3.42
2014-07-18,1.09,3.78,3.44
2014-07-21,1.09,3.8,3.44
2014-07-22,1.09,3.79,3.43
2014-07-23,1.09,3.77,3.42
2014-07-24,1.09,3.72,3.45
2014-07-25,1.09,3.75,3.43
2014-07-28,1.08,3.74,3.45
2014-07-29,1.09,3.8,3.43
2014-07-30,1.09,3.79,3.5
2014-07-31,1.1,4.04,3.53
2014-08-01,1.12,4.25,3.5
2014-08-04,1.12,4.24,3.49
2014-08-05,1.12,4.17,3.49
2014-08-06,1.14,4.21,3.5
2014-08-07,1.14,4.2,3.47
2014-08-08,1.14,4.2,3.48
2014-08-11,1.14,4.12,3.48
2014-08-12,1.14,4.07,3.48
2014-08-13,1.14,4.03,3.45
2014-08-14,1.14,3.97,3.43
2014-08-15,1.14,3.97,3.39
2014-08-18,1.13,3.89,3.42
2014-08-19,1.13,3.85,3.43
2014-08-20,1.13,3.79,3.45
2014-08-21,1.12,3.81,3.43
2014-08-22,1.12,3.79,3.43
2014-08-25,1.12,3.77,3.42
2014-08-26,1.11,3.78,3.42
2014-08-27,1.11,3.81,3.39
2014-08-28,1.12,3.82,3.38
2014-08-29,1.12,3.8,3.38
2014-08-31,1.12,3.84,3.4
2014-09-01,1.12,3.84,3.4
2014-09-02,1.12,3.8,3.45
2014-09-03,1.12,3.83,3.44
2014-09-04,1.12,3.85,3.47
2014-09-05,1.12,3.93,3.47
2014-09-08,1.12,3.92,3.47
2014-09-09,1.12,3.93,3.51
2014-09-10,1.13,4.01,3.54
2014-09-11,1.14,4.05,3.54
2014-09-12,1.14,4.03,3.6
2014-09-15,1.14,4.06,3.58
2014-09-16,1.15,4.1,3.58
2014-09-17,1.14,4.05,3.59
2014-09-18,1.14,3.98,3.61
2014-09-19,1.13,3.97,3.58
2014-09-22,1.14,4.02,3.56
2014-09-23,1.14,4.13,3.54
2014-09-24,1.15,4.18,3.57
2014-09-25,1.16,4.33,3.54
2014-09-26,1.17,4.4,3.58
2014-09-29,1.19,4.51,3.58
2014-09-30,1.2,4.4,3.63
2014-10-01,1.21,4.45,3.57
2014-10-02,1.22,4.42,3.59
2014-10-03,1.21,4.29,3.6
2014-10-06,1.2,4.26,3.57
2014-10-07,1.2,4.37,3.52
2014-10-08,1.22,4.48,3.5
2014-10-09,1.22,4.52,3.5
2014-10-10,1.23,4.66,3.5
2014-10-13,1.23,4.66,3.5
2014-10-14,1.24,4.83,3.43
2014-10-15,1.29,5.08,3.37
2014-10-16,1.29,4.98,3.43
2014-10-17,1.28,4.68,3.45
2014-10-20,1.28,4.68,3.43
2014-10-21,1.28,4.5,3.44
2014-10-22,1.27,4.44,3.46
2014-10-23,1.27,4.38,3.5
2014-10-24,1.27,4.38,3.5
2014-10-27,1.27,4.41,3.48
2014-10-28,1.27,4.39,3.5
2014-10-29,1.26,4.32,3.53
2014-10-30,1.27,4.35,3.52
2014-10-31,1.27,4.3,3.58
2014-11-03,1.27,4.29,3.59
2014-11-04,1.28,4.35,3.6
2014-11-05,1.28,4.32,3.61
2014-11-06,1.29,4.3,3.64
2014-11-07,1.3,4.36,3.61
2014-11-10,1.29,4.32,3.64
2014-11-11,1.29,4.32,3.64
2014-11-12,1.3,4.33,3.64
2014-11-13,1.31,4.37,3.64
2014-11-14,1.32,4.43,3.64
2014-11-17,1.33,4.46,3.67
2014-11-18,1.34,4.53,3.67
2014-11-19,1.35,4.57,3.69
2014-11-20,1.35,4.61,3.68
2014-11-21,1.34,4.54,3.65
2014-11-24,1.34,4.54,3.64
2014-11-25,1.34,4.54,3.61
2014-11-26,1.34,4.56,3.59
2014-11-27,1.33,4.56,3.58
2014-11-28,1.34,4.64,3.56
2014-11-30,1.35,4.67,3.6
2014-12-01,1.36,4.82,3.63
2014-12-02,1.36,4.82,3.69
2014-12-03,1.37,4.81,3.71
2014-12-04,1.37,4.83,3.69
2014-12-05,1.37,4.77,3.76
2014-12-08,1.38,4.87,3.74
2014-12-09,1.4,5.06,3.75
2014-12-10,1.42,5.21,3.74
2014-12-11,1.43,5.25,3.76
2014-12-12,1.45,5.47,3.74
2014-12-15,1.47,5.52,3.8
2014-12-16,1.51,5.71,3.83
2014-12-17,1.5,5.48,3.87
2014-12-18,1.47,5.15,3.86
2014-12-19,1.46,5.09,3.83
2014-12-22,1.44,5.03,3.81
2014-12-23,1.43,4.94,3.87
2014-12-24,1.43,4.93,3.87
2014-12-25,,,
2014-12-26,1.43,4.93,3.86
2014-12-29,1.43,4.96,3.83
2014-12-30,1.43,4.98,3.81
2014-12-31,1.44,5.04,3.81
2015-01-01,,,
2015-01-02,1.45,5.08,3.78
2015-01-05,1.46,5.21,3.76
2015-01-06,1.48,5.37,3.73
2015-01-07,1.49,5.31,3.71
2015-01-08,1.47,5.17,3.73
2015-01-09,1.48,5.2,3.7
2015-01-12,1.49,5.27,3.66
2015-01-13,1.5,5.28,3.66
2015-01-14,1.52,5.39,3.63
2015-01-15,1.53,5.42,3.58
2015-01-16,,,
2015-01-19,1.53,5.39,3.63
2015-01-20,1.53,5.39,3.61
2015-01-21,1.52,5.36,3.65
2015-01-22,1.51,5.27,3.66
2015-01-23,1.5,5.3,3.6
2015-01-26,1.49,5.26,3.61
2015-01-27,1.5,5.29,3.6
2015-01-28,1.51,5.31,3.54
2015-01-29,1.51,5.28,3.57
2015-01-30,1.52,5.37,3.53
2015-01-31,1.53,5.26,3.55
2015-02-02,1.53,5.26,3.55
2015-02-03,1.51,5.11,3.6
2015-02-04,1.5,5.05,3.6
2015-02-05,1.49,4.99,3.6
2015-02-06,1.46,4.78,3.69
2015-02-09,1.45,4.8,3.68
2015-02-10,1.45,4.75,3.71
2015-02-11,1.45,4.76,3.71
2015-02-12,1.43,4.74,3.68
2015-02-13,1.43,4.71,3.7
2015-02-16,1.43,4.69,3.69
2015-02-17,1.41,4.57,3.76
2015-02-18,1.4,4.62,3.68
2015-02-19,1.39,4.58,3.71
2015-02-20,1.38,4.53,3.71
2015-02-23,1.38,4.56,3.66
2015-02-24,1.38,4.58,3.6
2015-02-25,1.39,4.54,3.6
2015-02-26,1.37,4.43,3.62
2015-02-27,1.38,4.43,3.61
2015-02-28,1.32,4.46,3.52
2015-03-02,1.31,4.38,3.58
2015-03-03,1.3,4.38,3.6
2015-03-04,1.31,4.44,3.6
2015-03-05,1.31,4.46,3.58
2015-03-06,1.29,4.42,3.67
2015-03-09,1.3,4.51,3.64
2015-03-10,1.32,4.66,3.61
2015-03-11,1.32,4.61,3.61
2015-03-12,1.33,4.62,3.6
2015-03-13,1.34,4.68,3.62
2015-03-16,1.35,4.72,3.62
2015-03-17,1.37,4.79,3.61
2015-03-18,1.38,4.91,3.54
2015-03-19,1.38,4.79,3.55
2015-03-20,1.38,4.81,3.51
2015-03-23,1.38,4.82,3.49
2015-03-24,1.38,4.81,3.46
2015-03-25,1.38,4.76,3.49
2015-03-26,1.38,4.74,3.55
2015-03-27,1.38,4.76,3.5
2015-03-30,1.38,4.73,3.51
2015-03-31,1.36,4.82,3.47
2015-04-01,1.37,4.86,3.42
2015-04-02,1.36,4.82,3.43
2015-04-03,,,
2015-04-06,1.36,4.8,3.42
2015-04-07,1.34,4.72,3.4
2015-04-08,1.34,4.67,3.39
2015-04-09,1.33,4.62,3.44
2015-04-10,1.32,4.6,3.43
2015-04-13,1.32,4.6,3.42
2015-04-14,1.32,4.62,3.38
2015-04-15,1.33,4.58,3.38
2015-04-16,1.33,4.61,3.36
2015-04-17,1.33,4.66,3.35
2015-04-20,1.33,4.6,3.39
2015-04-21,1.32,4.57,3.39
2015-04-22,1.31,4.53,3.43
2015-04-23,1.32,4.55,3.42
2015-04-24,1.32,4.56,3.39
2015-04-27,1.32,4.55,3.39
2015-04-28,1.32,4.52,3.43
2015-04-29,1.32,4.53,3.48
2015-04-30,1.34,4.59,3.53
2015-05-01,1.33,4.53,3.58
2015-05-04,1.33,4.51,3.59
2015-05-05,1.33,4.48,3.62
2015-05-06,1.33,4.5,3.66
2015-05-07,1.33,4.55,3.64
2015-05-08,1.34,4.53,3.6
2015-05-11,1.32,4.45,3.68
2015-05-12,1.33,4.56,3.68
2015-05-13,1.33,4.51,3.68
2015-05-14,1.33,4.52,3.64
2015-05-15,1.33,4.55,3.58
2015-05-18,1.32,4.49,3.63
2015-05-19,1.32,4.46,3.66
2015-05-20,1.33,4.49,3.66
2015-05-21,1.34,4.51,3.62
2015-05-22,1.34,4.47,3.66
2015-05-25,,,
2015-05-26,1.34,4.51,3.61
2015-05-27,1.35,4.48,3.61
2015-05-28,1.36,4.5,3.6
2015-05-29,1.37,4.52,3.59
2015-05-31,1.38,4.58,3.62
2015-06-01,1.38,4.52,3.7
2015-06-02,1.38,4.49,3.75
2015-06-03,1.38,4.46,3.82
2015-06-04,1.39,4.56,3.78
2015-06-05,1.38,4.56,3.86
2015-06-08,1.38,4.61,3.84
2015-06-09,1.39,4.66,3.88
2015-06-10,1.4,4.6,3.93
2015-06-11,1.4,4.62,3.87
2015-06-12,1.4,4.63,3.87
2015-06-15,1.42,4.71,3.86
2015-06-16,1.43,4.77,3.84
2015-06-17,1.43,4.76,3.83
2015-06-18,1.44,4.71,3.85
2015-06-19,1.44,4.73,3.8
2015-06-22,1.43,4.62,3.86
2015-06-23,1.43,4.62,3.9
2015-06-24,1.44,4.66,3.87
2015-06-25,1.44,4.67,3.89
2015-06-26,1.43,4.65,3.94
2015-06-29,1.46,4.91,3.86
2015-06-30,1.48,5.0,3.88
2015-07-01,1.46,4.88,3.94
2015-07-02,1.46,4.91,3.9
2015-07-03,1.46,4.91,3.9
2015-07-06,1.47,5.07,3.83
2015-07-07,1.49,5.13,3.81
2015-07-08,1.5,5.21,3.8
2015-07-09,1.5,5.11,3.87
2015-07-10,1.49,4.97,3.95
2015-07-13,1.48,4.93,3.96
2015-07-14,1.49,4.94,3.93
2015-07-15,1.5,4.93,3.9
2015-07-16,1.5,4.91,3.91
2015-07-17,1.5,4.95,3.91
2015-07-20,1.5,4.96,3.94
2015-07-21,1.51,5.06,3.92
2015-07-22,1.52,5.16,3.92
2015-07-23,1.53,5.21,3.9
2015-07-24,1.54,5.32,3.92
2015-07-27,1.55,5.49,3.9
2015-07-28,1.56,5.44,3.92
2015-07-29,1.56,5.33,3.94
2015-07-30,1.56,5.26,3.93
2015-07-31,1.58,5.36,3.91
2015-08-03,1.58,5.45,3.88
2015-08-04,1.58,5.41,3.94
2015-08-05,1.58,5.29,3.99
2015-08-06,1.59,5.4,3.98
2015-08-07,1.6,5.52,3.95
2015-08-10,1.61,5.51,4.0
2015-08-11,1.62,5.67,3.94
2015-08-12,1.64,5.79,3.95
2015-08-13,1.64,5.66,4.01
2015-08-14,1.64,5.52,4.01
2015-08-17,1.64,5.58,3.98
2015-08-18,1.64,5.56,4.02
2015-08-19,1.66,5.68,3.98
2015-08-20,1.67,5.75,3.97
2015-08-21,1.69,5.86,3.96
2015-08-24,1.72,6.14,3.97
2015-08-25,1.72,5.9,4.07
2015-08-26,1.72,5.91,4.1
2015-08-27,1.7,5.8,4.07
2015-08-28,1.69,5.72,4.08
2015-08-31,1.69,5.7,4.1
2015-09-01,1.7,5.78,4.08
2015-09-02,1.69,5.73,4.1
2015-09-03,1.68,5.7,4.07
2015-09-04,1.68,5.74,4.04
2015-09-07,1.68,5.74,4.04
2015-09-08,1.67,5.64,4.08
2015-09-09,1.67,5.59,4.06
2015-09-10,1.67,5.58,4.08
2015-09-11,1.67,5.62,4.06
2015-09-14,1.67,5.62,4.05
2015-09-15,1.66,5.54,4.13
2015-09-16,1.66,5.59,4.14
2015-09-17,1.66,5.71,4.06
2015-09-18,1.66,5.8,3.99
2015-09-21,1.66,5.77,4.05
2015-09-22,1.67,5.98,4.0
2015-09-23,1.68,5.98,4.02
2015-09-24,1.7,6.14,4.04
2015-09-25,1.7,6.15,4.08
2015-09-28,1.74,6.48,4.08
2015-09-29,1.77,6.6,4.09
2015-09-30,1.78,6.62,4.12
2015-10-01,1.79,6.67,4.12
2015-10-02,1.8,6.83,4.08
2015-10-05,1.78,6.62,4.11
2015-10-06,1.77,6.52,4.07
2015-10-07,1.75,6.32,4.06
2015-10-08,1.74,6.26,4.09
2015-10-09,1.73,6.13,4.07
2015-10-12,1.73,6.13,4.07
2015-10-13,1.73,6.24,4.04
2015-10-14,1.74,6.31,3.98
2015-10-15,1.73,6.26,4.01
2015-10-16,1.72,6.18,4.0
2015-10-19,1.72,6.16,4.0
2015-10-20,1.71,6.06,4.03
2015-10-21,1.7,6.07,3.99
2015-10-22,1.69,6.1,3.97
2015-10-23,1.67,5.97,4.0
2015-10-26,1.66,6.0,3.97
2015-10-27,1.67,6.07,3.96
2015-10-28,1.66,5.97,4.02
2015-10-29,1.65,5.89,4.07
2015-10-30,1.65,5.88,4.06
2015-10-31,1.66,5.9,4.07
2015-11-02,1.65,5.84,4.09
2015-11-03,1.64,5.77,4.1
2015-11-04,1.63,5.73,4.11
2015-11-05,1.62,5.8,4.12
2015-11-06,1.61,5.82,4.19
2015-11-09,1.61,5.94,4.2
2015-11-10,1.61,6.02,4.18
2015-11-11,1.61,6.02,4.18
2015-11-12,1.62,6.13,4.2
2015-11-13,1.63,6.24,4.18
2015-11-16,1.63,6.28,4.17
2015-11-17,1.62,6.19,4.16
2015-11-18,1.63,6.2,4.18
2015-11-19,1.62,6.28,4.16
2015-11-20,1.62,6.32,4.17
2015-11-23,1.62,6.35,4.17
2015-11-24,1.63,6.41,4.17
2015-11-25,1.63,6.37,4.18
2015-11-26,1.63,6.37,4.18
2015-11-27,1.63,6.38,4.17
2015-11-30,1.62,6.4,4.17
2015-12-01,1.62,6.4,4.12
2015-12-02,1.63,6.34,4.15
2015-12-03,1.62,6.32,4.27
2015-12-04,1.62,6.37,4.23
2015-12-07,1.63,6.51,4.21
2015-12-08,1.65,6.65,4.25
2015-12-09,1.66,6.72,4.23
2015-12-10,1.67,6.71,4.27
2015-12-11,1.71,7.1,4.23
2015-12-14,1.74,7.33,4.33
2015-12-15,1.74,7.09,4.37
2015-12-16,1.73,6.98,4.39
2015-12-17,1.73,7.01,4.36
2015-12-18,1.74,7.2,4.35
2015-12-21,1.75,7.25,4.36
2015-12-22,1.74,7.15,4.39
2015-12-23,1.74,7.05,4.4
2015-12-24,1.74,7.05,4.39
2015-12-25,,,
2015-12-28,1.74,7.07,4.38
2015-12-29,1.73,6.96,4.44
2015-12-30,1.72,6.95,4.43
2015-12-31,1.73,6.95,4.42
2016-01-01,,,
2016-01-04,1.73,7.1,4.4
2016-01-05,1.73,7.03,4.4
2016-01-06,1.74,7.11,4.35
2016-01-07,1.75,7.24,4.35
2016-01-08,1.77,7.23,4.34
2016-01-11,1.78,7.31,4.36
2016-01-12,1.8,7.38,4.35
2016-01-13,1.8,7.5,4.33
2016-01-14,1.84,7.57,4.39
2016-01-15,1.89,7.89,4.39
2016-01-18,1.89,7.9,4.39
2016-01-19,1.91,7.88,4.41
2016-01-20,1.98,8.27,4.46
2016-01-21,1.98,8.13,4.48
2016-01-22,1.96,7.87,4.49
2016-01-25,1.98,7.85,4.48
2016-01-26,1.99,7.83,4.47
2016-01-27,2.0,7.78,4.48
2016-01-28,2.01,7.75,4.48
2016-01-29,2.02,7.74,4.44
2016-01-31,2.02,7.77,4.44
2016-02-01,2.02,7.79,4.48
2016-02-02,2.06,7.98,4.43
2016-02-03,2.08,8.03,4.46
2016-02-04,2.08,8.03,4.45
2016-02-05,2.09,8.1,4.44
2016-02-08,2.13,8.51,4.4
2016-02-09,2.15,8.62,4.44
2016-02-10,2.17,8.53,4.44
2016-02-11,2.21,8.87,4.45
2016-02-12,2.2,8.64,4.53
2016-02-15,2.2,8.59,4.52
2016-02-16,2.19,8.45,4.53
2016-02-17,2.17,8.21,4.54
2016-02-18,2.16,8.17,4.47
2016-02-19,2.15,8.23,4.48
2016-02-22,2.14,8.09,4.47
2016-02-23,2.14,8.1,4.45
2016-02-24,2.14,8.17,4.45
2016-02-25,2.14,8.08,4.41
2016-02-26,2.11,7.8,4.45
2016-02-29,2.05,7.75,4.35
2016-03-01,2.02,7.46,4.39
2016-03-02,1.99,7.31,4.37
2016-03-03,1.98,7.28,4.33
2016-03-04,1.95,7.08,4.34
2016-03-07,1.93,7.03,4.32
2016-03-08,1.93,7.14,4.26
2016-03-09,1.91,7.15,4.28
2016-03-10,1.88,7.04,4.28
2016-03-11,1.85,6.82,4.28
2016-03-14,1.81,6.74,4.22
2016-03-15,1.8,6.84,4.2
2016-03-16,1.8,6.94,4.16
2016-03-17,1.78,6.82,4.1
2016-03-18,1.76,6.71,4.04
2016-03-21,1.74,6.65,4.06
2016-03-22,1.72,6.69,4.05
2016-03-23,1.72,6.79,3.99
2016-03-24,1.73,6.93,4.01
2016-03-25,,,
2016-03-28,1.73,6.99,4.0
2016-03-29,1.73,7.14,3.94
2016-03-30,1.72,7.03,3.93
2016-03-31,1.7,7.05,3.86
2016-04-01,1.69,7.05,3.87
2016-04-04,1.68,7.03,3.84
2016-04-05,1.69,7.13,3.81
2016-04-06,1.69,7.04,3.82
2016-04-07,1.7,7.11,3.77
2016-04-08,1.7,7.03,3.79
2016-04-11,1.69,7.0,3.78
2016-04-12,1.68,6.87,3.81
2016-04-13,1.66,6.71,3.78
2016-04-14,1.64,6.6,3.77
2016-04-15,1.64,6.62,3.74
2016-04-18,1.63,6.62,3.75
2016-04-19,1.61,6.46,3.73
2016-04-20,1.58,6.31,3.76
2016-04-21,1.56,6.29,3.74
2016-04-22,1.55,6.29,3.74
2016-04-25,1.54,6.32,3.74
2016-04-26,1.53,6.26,3.75
2016-04-27,1.53,6.25,3.7
2016-04-28,1.52,6.19,3.66
2016-04-29,1.52,6.24,3.64
2016-04-30,1.52,6.21,3.66
2016-05-02,1.52,6.16,3.69
2016-05-03,1.53,6.31,3.65
2016-05-04,1.54,6.39,3.65
2016-05-05,1.55,6.42,3.62
2016-05-06,1.56,6.48,3.65
2016-05-09,1.56,6.53,3.64
2016-05-10,1.56,6.46,3.64
2016-05-11,1.57,6.4,3.63
2016-05-12,1.56,6.36,3.66
2016-05-13,1.57,6.41,3.63
2016-05-16,1.56,6.3,3.66
2016-05-17,1.56,6.26,3.67
2016-05-18,1.55,6.16,3.76
2016-05-19,1.56,6.29,3.74
2016-05-20,1.56,6.22,3.75
2016-05-23,1.56,6.21,3.75
2016-05-24,1.55,6.13,3.75
2016-05-25,1.55,6.04,3.76
2016-05-26,1.54,6.08,3.7
2016-05-27,1.54,6.08,3.71
2016-05-30,1.54,6.08,3.7
2016-05-31,1.54,5.97,3.7
2016-06-01,1.54,6.01,3.72
2016-06-02,1.54,6.0,3.69
2016-06-03,1.56,6.09,3.6
2016-06-06,1.55,6.0,3.61
2016-06-07,1.54,5.92,3.59
2016-06-08,1.54,5.82,3.57
2016-06-09,1.54,5.86,3.55
2016-06-10,1.56,5.98,3.53
2016-06-13,1.57,6.07,3.52
2016-06-14,1.59,6.19,3.54
2016-06-15,1.6,6.18,3.52
2016-06-16,1.61,6.32,3.51
2016-06-17,1.6,6.21,3.54
2016-06-20,1.58,6.0,3.56
2016-06-21,1.57,6.0,3.57
2016-06-22,1.56,5.96,3.55
2016-06-23,1.54,5.83,3.57
2016-06-24,1.61,6.33,3.5
2016-06-27,1.64,6.57,3.43
2016-06-28,1.63,6.48,3.43
2016-06-29,1.62,6.26,3.42
2016-06-30,1.62,6.21,3.44
2016-07-01,1.61,6.12,3.41
2016-07-04,1.61,6.12,3.41
2016-07-05,1.61,6.16,3.33
2016-07-06,1.6,6.14,3.34
2016-07-07,1.59,6.02,3.33
2016-07-08,1.57,5.88,3.3
2016-07-11,1.55,5.66,3.32
2016-07-12,1.52,5.46,3.35
2016-07-13,1.52,5.58,3.31
2016-07-14,1.5,5.44,3.33
2016-07-15,1.49,5.42,3.37
2016-07-18,1.49,5.44,3.35
2016-07-19,1.48,5.45,3.33
2016-07-20,1.48,5.4,3.34
2016-07-21,1.48,5.41,3.32
2016-07-22,1.47,5.39,3.32
2016-07-25,1.46,5.39,3.33
2016-07-26,1.47,5.45,3.33
2016-07-27,1.48,5.51,3.3
2016-07-28,1.49,5.54,3.3
2016-07-29,1.5,5.61,3.26
2016-07-31,1.5,5.69,3.27
2016-08-01,1.5,5.69,3.29
2016-08-02,1.5,5.73,3.33
2016-08-03,1.51,5.72,3.34
2016-08-04,1.51,5.65,3.29
2016-08-05,1.49,5.46,3.35
2016-08-08,1.47,5.42,3.34
2016-08-09,1.47,5.36,3.3
2016-08-10,1.46,5.38,3.26
2016-08-11,1.45,5.31,3.31
2016-08-12,1.45,5.34,3.26
2016-08-15,1.44,5.23,3.27
2016-08-16,1.43,5.17,3.28
2016-08-17,1.42,5.19,3.27
2016-08-18,1.42,5.2,3.23
2016-08-19,1.4,5.15,3.26
2016-08-22,1.41,5.18,3.23
2016-08-23,1.4,5.14,3.23
2016-08-24,1.4,5.13,3.23
2016-08-25,1.39,5.14,3.25
2016-08-26,1.38,5.04,3.29
2016-08-29,1.38,5.1,3.24
2016-08-30,1.38,5.07,3.24
2016-08-31,1.39,5.1,3.26
2016-09-01,1.39,5.12,3.26
2016-09-02,1.39,5.09,3.28
2016-09-05,1.39,5.09,3.27
2016-09-06,1.4,5.09,3.22
2016-09-07,1.4,5.07,3.22
2016-09-08,1.4,4.99,3.28
2016-09-09,1.4,5.1,3.33
2016-09-12,1.42,5.18,3.34
2016-09-13,1.42,5.24,3.39
2016-09-14,1.43,5.26,3.35
2016-09-15,1.43,5.26,3.35
2016-09-16,1.43,5.27,3.36
2016-09-19,1.42,5.25,3.35
2016-09-20,1.42,5.24,3.34
2016-09-21,1.42,5.22,3.34
2016-09-22,1.41,5.09,3.29
2016-09-23,1.41,5.1,3.28
2016-09-26,1.42,5.16,3.26
2016-09-27,1.43,5.18,3.25
2016-09-28,1.43,5.14,3.26
2016-09-29,1.43,5.09,3.24
2016-09-30,1.43,4.97,3.3
2016-10-03,1.42,4.93,3.31
2016-10-04,1.41,4.85,3.35
2016-10-05,1.4,4.78,3.36
2016-10-06,1.39,4.75,3.37
2016-10-07,1.38,4.76,3.36
2016-10-10,1.38,4.76,3.35
2016-10-11,1.37,4.75,3.37
2016-10-12,1.37,4.75,3.37
2016-10-13,1.37,4.82,3.34
2016-10-14,1.36,4.72,3.37
2016-10-17,1.37,4.76,3.34
2016-10-18,1.36,4.72,3.32
2016-10-19,1.35,4.66,3.31
2016-10-20,1.35,4.62,3.3
2016-10-21,1.35,4.62,3.3
2016-10-24,1.35,4.6,3.32
2016-10-25,1.35,4.6,3.32
2016-10-26,1.36,4.66,3.35
2016-10-27,1.36,4.69,3.39
2016-10-28,1.37,4.76,3.39
2016-10-31,1.38,4.91,3.41
2016-11-01,1.39,5.05,3.41
2016-11-02,1.4,5.15,3.41
2016-11-03,1.41,5.15,3.42
2016-11-04,1.41,5.2,3.41
2016-11-07,1.4,5.01,3.42
2016-11-08,1.39,4.98,3.45
2016-11-09,1.37,4.94,3.59
2016-11-10,1.36,4.97,3.63
2016-11-11,1.36,4.97,3.63
2016-11-14,1.36,5.11,3.73
2016-11-15,1.35,4.94,3.73
2016-11-16,1.35,4.94,3.72
2016-11-17,1.35,4.85,3.76
2016-11-18,1.36,4.84,3.82
2016-11-21,1.36,4.78,3.83
2016-11-22,1.37,4.7,3.82
2016-11-23,1.36,4.66,3.85
2016-11-24,1.36,4.66,3.85
2016-11-25,1.36,4.64,3.86
2016-11-28,1.36,4.66,3.81
2016-11-29,1.36,4.69,3.8
2016-11-30,1.36,4.67,3.85
2016-12-01,1.35,4.62,3.89
2016-12-02,1.35,4.64,3.85
2016-12-05,1.35,4.58,3.84
2016-12-06,1.34,4.5,3.84
2016-12-07,1.34,4.42,3.79
2016-12-08,1.33,4.38,3.81
2016-12-09,1.33,4.28,3.86
2016-12-12,1.32,4.25,3.86
2016-12-13,1.31,4.2,3.86
2016-12-14,1.3,4.12,3.89
2016-12-15,1.3,4.2,3.93
2016-12-16,1.3,4.21,3.94
2016-12-19,1.3,4.23,3.89
2016-12-20,1.29,4.2,3.9
2016-12-21,1.29,4.19,3.88
2016-12-22,1.29,4.17,3.88
2016-12-23,1.29,4.16,3.87
2016-12-26,,,
2016-12-27,1.28,4.11,3.89
2016-12-28,1.28,4.15,3.84
2016-12-29,1.28,4.18,3.81
2016-12-30,1.29,4.21,3.78
2016-12-31,1.3,4.22,3.8
2017-01-02,,,
2017-01-03,1.28,4.13,3.8
2017-01-04,1.28,4.02,3.8
2017-01-05,1.29,4.04,3.73
2017-01-06,1.28,3.98,3.77
2017-01-09,1.29,4.02,3.74
2017-01-10,1.29,4.0,3.74
2017-01-11,1.29,4.03,3.73
2017-01-12,1.29,4.05,3.72
2017-01-13,1.28,4.02,3.73
2017-01-16,1.28,4.0,3.73
2017-01-17,1.28,4.06,3.68
2017-01-18,1.29,4.01,3.73
2017-01-19,1.28,3.99,3.78
2017-01-20,1.28,4.02,3.77
2017-01-23,1.28,4.1,3.71
2017-01-24,1.27,4.02,3.76
2017-01-25,1.27,3.93,3.8
2017-01-26,1.26,3.93,3.77
2017-01-27,1.26,3.93,3.75
2017-01-30,1.26,3.96,3.75
2017-01-31,1.28,4.0,3.76
2017-02-01,1.28,3.95,3.78
2017-02-02,1.28,3.93,3.77
2017-02-03,1.27,3.86,3.77
2017-02-06,1.27,3.91,3.71
2017-02-07,1.28,3.93,3.7
2017-02-08,1.28,3.98,3.68
2017-02-09,1.28,3.93,3.71
2017-02-10,1.27,3.9,3.72
2017-02-13,1.26,3.86,3.73
2017-02-14,1.24,3.8,3.75
2017-02-15,1.23,3.77,3.76
2017-02-16,1.24,3.83,3.71
2017-02-17,1.24,3.86,3.69
2017-02-20,1.24,3.86,3.69
2017-02-21,1.24,3.81,3.69
2017-02-22,1.23,3.78,3.68
2017-02-23,1.23,3.77,3.65
2017-02-24,1.23,3.84,3.59
2017-02-27,1.22,3.75,3.63
2017-02-28,1.21,3.74,3.66
2017-03-01,1.19,3.57,3.74
2017-03-02,1.18,3.55,3.75
2017-03-03,1.18,3.6,3.74
2017-03-06,1.18,3.66,3.74
2017-03-07,1.19,3.73,3.77
2017-03-08,1.19,3.79,3.82
2017-03-09,1.21,3.88,3.87
2017-03-10,1.21,3.89,3.86
2017-03-13,1.21,3.94,3.88
2017-03-14,1.22,4.05,3.88
2017-03-15,1.23,4.02,3.8
2017-03-16,1.22,3.88,3.8
2017-03-17,1.22,3.91,3.79
2017-03-20,1.22,3.97,3.76
2017-03-21,1.22,4.04,3.73
2017-03-22,1.23,4.16,3.71
2017-03-23,1.23,4.11,3.72
2017-03-24,1.23,4.07,3.7
2017-03-27,1.23,4.12,3.69
2017-03-28,1.22,4.01,3.71
2017-03-29,1.22,3.94,3.69
2017-03-30,1.22,3.85,3.71
2017-03-31,1.24,3.92,3.73
2017-04-03,1.24,3.98,3.69
2017-04-04,1.24,3.98,3.7
2017-04-05,1.24,3.91,3.7
2017-04-06,1.24,3.93,3.69
2017-04-07,1.23,3.86,3.71
2017-04-10,1.23,3.86,3.7
2017-04-11,1.24,3.94,3.65
2017-04-12,1.24,3.96,3.65
2017-04-13,1.25,4.03,3.6
2017-04-14,,,
2017-04-17,1.24,4.0,3.61
2017-04-18,1.25,4.07,3.56
2017-04-19,1.25,4.01,3.57
2017-04-20,1.25,3.98,3.6
2017-04-21,1.25,3.97,3.59
2017-04-24,1.24,3.86,3.62
2017-04-25,1.23,3.78,3.65
2017-04-26,1.23,3.76,3.64
2017-04-27,1.22,3.78,3.62
2017-04-28,1.22,3.75,3.61
2017-04-30,1.23,3.81,3.63
2017-05-01,1.23,3.78,3.66
2017-05-02,1.22,3.79,3.62
2017-05-03,1.22,3.76,3.63
2017-05-04,1.21,3.8,3.67
2017-05-05,1.21,3.82,3.66
2017-05-08,1.2,3.8,3.67
2017-05-09,1.19,3.74,3.69
2017-05-10,1.19,3.72,3.69
2017-05-11,1.18,3.72,3.67
2017-05-12,1.18,3.77,3.61
2017-05-15,1.17,3.72,3.6
2017-05-16,1.17,3.71,3.59
2017-05-17,1.18,3.84,3.51
2017-05-18,1.19,3.85,3.53
2017-05-19,1.18,3.78,3.54
2017-05-22,1.18,3.72,3.54
2017-05-23,1.17,3.67,3.56
2017-05-24,1.18,3.68,3.55
2017-05-25,1.18,3.67,3.54
2017-05-26,1.18,3.67,3.53
2017-05-29,1.17,3.67,3.53
2017-05-30,1.18,3.68,3.5
2017-05-31,1.19,3.74,3.53
2017-06-01,1.19,3.69,3.54
2017-06-02,1.19,3.69,3.5
2017-06-05,1.19,3.68,3.51
2017-06-06,1.19,3.72,3.48
2017-06-07,1.19,3.73,3.51
2017-06-08,1.19,3.76,3.52
2017-06-09,1.19,3.73,3.52
2017-06-12,1.18,3.71,3.53
2017-06-13,1.18,3.68,3.53
2017-06-14,1.18,3.7,3.46
2017-06-15,1.18,3.72,3.49
2017-06-16,1.18,3.76,3.48
2017-06-19,1.17,3.7,3.5
2017-06-20,1.17,3.77,3.47
2017-06-21,1.17,3.85,3.48
2017-06-22,1.18,3.87,3.48
2017-06-23,1.18,3.86,3.47
2017-06-26,1.17,3.83,3.46
2017-06-27,1.16,3.77,3.5
2017-06-28,1.16,3.77,3.5
2017-06-29,1.15,3.76,3.53
2017-06-30,1.15,3.77,3.57
2017-07-03,1.14,3.72,3.6
2017-07-04,1.14,3.72,3.6
2017-07-05,1.14,3.73,3.59
2017-07-06,1.13,3.78,3.61
2017-07-07,1.12,3.83,3.62
2017-07-10,1.12,3.83,3.59
2017-07-11,1.12,3.85,3.58
2017-07-12,1.12,3.81,3.54
2017-07-13,1.11,3.77,3.56
2017-07-14,1.11,3.73,3.53
2017-07-17,1.1,3.69,3.51
2017-07-18,1.1,3.69,3.47
2017-07-19,1.1,3.64,3.47
2017-07-20,1.1,3.61,3.46
2017-07-21,1.1,3.64,3.43
2017-07-24,1.09,3.63,3.45
2017-07-25,1.08,3.55,3.5
2017-07-26,1.08,3.56,3.45
2017-07-27,1.08,3.55,3.47
2017-07-28,1.08,3.59,3.45
2017-07-31,1.09,3.61,3.48
2017-08-01,1.08,3.6,3.45
2017-08-02,1.08,3.59,3.46
2017-08-03,1.09,3.63,3.44
2017-08-04,1.09,3.63,3.47
2017-08-07,1.1,3.64,3.47
2017-08-08,1.1,3.64,3.49
2017-08-09,1.12,3.81,3.48
2017-08-10,1.14,3.92,3.48
2017-08-11,1.16,4.0,3.48
2017-08-14,1.15,3.89,3.49
2017-08-15,1.14,3.87,3.52
2017-08-16,1.14,3.88,3.48
2017-08-17,1.14,3.93,3.47
2017-08-18,1.15,3.98,3.47
2017-08-21,1.15,4.0,3.46
2017-08-22,1.15,3.93,3.48
2017-08-23,1.15,3.95,3.45
2017-08-24,1.15,3.91,3.47
2017-08-25,1.14,3.89,3.45
2017-08-28,1.14,3.88,3.44
2017-08-29,1.15,3.9,3.43
2017-08-30,1.15,3.86,3.44
2017-08-31,1.16,3.85,3.44
2017-09-01,1.15,3.82,3.46
2017-09-04,1.15,3.82,3.46
2017-09-05,1.16,3.91,3.39
2017-09-06,1.16,3.84,3.43
2017-09-07,1.17,3.88,3.39
2017-09-08,1.17,3.92,3.4
2017-09-11,1.17,3.85,3.45
2017-09-12,1.16,3.81,3.47
2017-09-13,1.15,3.78,3.48
2017-09-14,1.15,3.74,3.47
2017-09-15,1.14,3.73,3.47
2017-09-18,1.13,3.68,3.48
2017-09-19,1.12,3.66,3.48
2017-09-20,1.11,3.6,3.5
2017-09-21,1.11,3.62,3.5
2017-09-22,1.11,3.64,3.49
2017-09-25,1.11,3.66,3.46
2017-09-26,1.1,3.62,3.46
2017-09-27,1.09,3.57,3.51
2017-09-28,1.08,3.57,3.49
2017-09-29,1.06,3.54,3.49
2017-09-30,1.07,3.56,3.51
2017-10-02,1.06,3.55,3.51
2017-10-03,1.05,3.55,3.49
2017-10-04,1.04,3.54,3.49
2017-10-05,1.04,3.52,3.5
2017-10-06,1.04,3.52,3.51
2017-10-09,1.03,3.51,3.51
2017-10-10,1.03,3.52,3.49
2017-10-11,1.03,3.52,3.49
2017-10-12,1.03,3.56,3.48
2017-10-13,1.04,3.6,3.45
2017-10-16,1.03,3.53,3.47
2017-10-17,1.03,3.5,3.47
2017-10-18,1.02,3.46,3.49
2017-10-19,1.02,3.48,3.48
2017-10-20,1.01,3.42,3.52
2017-10-23,1.01,3.4,3.5
2017-10-24,1.0,3.38,3.51
2017-10-25,1.0,3.42,3.54
2017-10-26,1.0,3.41,3.55
2017-10-27,1.0,3.44,3.53
2017-10-30,1.0,3.49,3.49
2017-10-31,1.01,3.51,3.51
2017-11-01,1.01,3.48,3.52
2017-11-02,1.02,3.52,3.51
2017-11-03,1.02,3.52,3.51
2017-11-06,1.03,3.55,3.5
2017-11-07,1.04,3.57,3.5
2017-11-08,1.04,3.67,3.52
2017-11-09,1.05,3.79,3.54
2017-11-10,1.06,3.76,3.6
2017-11-13,1.05,3.77,3.61
2017-11-14,1.06,3.84,3.6
2017-11-15,1.08,3.97,3.59
2017-11-16,1.07,3.79,3.6
2017-11-17,1.06,3.76,3.59
2017-11-20,1.06,3.7,3.61
2017-11-21,1.05,3.66,3.6
2017-11-22,1.05,3.7,3.56
2017-11-23,1.05,3.7,3.56
2017-11-24,1.04,3.67,3.57
2017-11-27,1.04,3.66,3.55
2017-11-28,1.04,3.67,3.56
2017-11-29,1.03,3.64,3.59
2017-11-30,1.03,3.61,3.62
2017-12-01,1.03,3.63,3.58
2017-12-04,1.02,3.58,3.6
2017-12-05,1.02,3.57,3.58
2017-12-06,1.02,3.63,3.56
2017-12-07,1.02,3.63,3.59
2017-12-08,1.02,3.63,3.59
2017-12-11,1.02,3.61,3.6
2017-12-12,1.01,3.58,3.6
2017-12-13,1.01,3.64,3.56
2017-12-14,1.01,3.63,3.55
2017-12-15,1.0,3.64,3.56
2017-12-18,1.0,3.64,3.58
2017-12-19,0.99,3.6,3.63
2017-12-20,0.99,3.58,3.65
2017-12-21,0.99,3.57,3.64
2017-12-22,0.99,3.56,3.64
2017-12-25,,,
2017-12-26,0.99,3.57,3.63
2017-12-27,0.99,3.59,3.58
2017-12-28,0.98,3.55,3.59
2017-12-29,0.98,3.58,3.58
2017-12-31,0.99,3.63,3.59
2018-01-01,,,
2018-01-02,0.98,3.55,3.63
2018-01-03,0.99,3.48,3.62
2018-01-04,0.98,3.4,3.63
2018-01-05,0.98,3.36,3.64
2018-01-08,0.97,3.35,3.63
2018-01-09,0.96,3.33,3.66
2018-01-10,0.95,3.42,3.66
2018-01-11,0.95,3.4,3.64
2018-01-12,0.95,3.37,3.65
2018-01-15,0.94,3.35,3.65
2018-01-16,0.94,3.34,3.64
2018-01-17,0.94,3.34,3.67
2018-01-18,0.94,3.35,3.69
2018-01-19,0.95,3.35,3.71
2018-01-22,0.94,3.32,3.73
2018-01-23,0.94,3.31,3.7
2018-01-24,0.94,3.28,3.72
2018-01-25,0.93,3.28,3.69
2018-01-26,0.92,3.23,3.71
2018-01-29,0.92,3.26,3.73
2018-01-30,0.91,3.33,3.74
2018-01-31,0.91,3.29,3.76
2018-02-01,0.9,3.29,3.8
2018-02-02,0.9,3.36,3.84
2018-02-05,0.91,3.48,3.8
2018-02-06,0.93,3.6,3.81
2018-02-07,0.92,3.46,3.86
2018-02-08,0.93,3.59,3.88
2018-02-09,0.97,3.82,3.9
2018-02-12,0.97,3.71,3.92
2018-02-13,1.0,3.78,3.95
2018-02-14,0.99,3.69,4.01
2018-02-15,0.98,3.57,3.98
2018-02-16,0.98,3.5,3.97
2018-02-19,0.98,3.5,3.97
2018-02-20,0.98,3.48,3.99
2018-02-21,0.98,3.46,4.03
2018-02-22,0.99,3.53,4.01
2018-02-23,1.0,3.58,3.99
2018-02-26,1.0,3.5,3.98
2018-02-27,1.0,3.47,4.02
2018-02-28,1.01,3.47,4.02
2018-03-01,1.04,3.59,4.0
2018-03-02,1.05,3.65,4.05
2018-03-05,1.05,3.59,4.06
2018-03-06,1.04,3.53,4.05
2018-03-07,1.05,3.56,4.07
2018-03-08,1.05,3.56,4.06
2018-03-09,1.06,3.53,4.09
2018-03-12,1.07,3.55,4.08
2018-03-13,1.08,3.58,4.08
2018-03-14,1.09,3.62,4.05
2018-03-15,1.1,3.62,4.08
2018-03-16,1.1,3.6,4.1
2018-03-19,1.1,3.65,4.1
2018-03-20,1.11,3.62,4.14
2018-03-21,1.11,3.6,4.16
2018-03-22,1.14,3.7,4.12
2018-03-23,1.15,3.74,4.13
2018-03-26,1.16,3.73,4.15
2018-03-27,1.16,3.75,4.1
2018-03-28,1.16,3.77,4.1
2018-03-29,1.16,3.79,4.07
2018-03-30,,,
2018-03-31,1.17,3.72,4.1
2018-04-02,1.17,3.77,4.09
2018-04-03,1.16,3.71,4.13
2018-04-04,1.16,3.71,4.13
2018-04-05,1.14,3.59,4.15
2018-04-06,1.14,3.64,4.1
2018-04-09,1.14,3.61,4.1
2018-04-10,1.13,3.52,4.11
2018-04-11,1.13,3.5,4.11
2018-04-12,1.12,3.42,4.13
2018-04-13,1.11,3.38,4.13
2018-04-16,1.11,3.33,4.12
2018-04-17,1.1,3.29,4.11
2018-04-18,1.1,3.24,4.16
2018-04-19,1.1,3.33,4.2
2018-04-20,1.1,3.33,4.23
2018-04-23,1.11,3.36,4.25
2018-04-24,1.11,3.41,4.26
2018-04-25,1.11,3.47,4.3
2018-04-26,1.12,3.43,4.28
2018-04-27,1.12,3.44,4.26
2018-04-30,1.14,3.46,4.27
2018-05-01,1.15,3.47,4.31
2018-05-02,1.15,3.45,4.31
2018-05-03,1.16,3.5,4.31
2018-05-04,1.17,3.49,4.32
2018-05-07,1.17,3.46,4.32
2018-05-08,1.17,3.46,4.34
2018-05-09,1.17,3.43,4.37
2018-05-10,1.16,3.41,4.34
2018-05-11,1.15,3.4,4.33
2018-05-14,1.14,3.37,4.33
2018-05-15,1.14,3.36,4.4
2018-05-16,1.14,3.37,4.41
2018-05-17,1.14,3.36,4.42
2018-05-18,1.14,3.41,4.39
2018-05-21,1.14,3.4,4.4
2018-05-22,1.14,3.39,4.39
2018-05-23,1.15,3.48,4.35
2018-05-24,1.15,3.49,4.32
2018-05-25,1.16,3.53,4.29
2018-05-28,1.16,3.53,4.29
2018-05-29,1.2,3.75,4.17
2018-05-30,1.2,3.64,4.25
2018-05-31,1.22,3.63,4.27
2018-06-01,1.21,3.55,4.33
2018-06-04,1.2,3.49,4.36
2018-06-05,1.21,3.5,4.34
2018-06-06,1.21,3.44,4.39
2018-06-07,1.21,3.44,4.37
2018-06-08,1.22,3.45,4.37
2018-06-11,1.22,3.39,4.4
2018-06-12,1.22,3.38,4.4
2018-06-13,1.21,3.33,4.42
2018-06-14,1.21,3.31,4.39
2018-06-15,1.21,3.33,4.37
2018-06-18,1.22,3.34,4.38
2018-06-19,1.24,3.4,4.38
2018-06-20,1.24,3.34,4.41
2018-06-21,1.27,3.39,4.41
2018-06-22,1.27,3.39,4.41
2018-06-25,1.29,3.47,4.4
2018-06-26,1.29,3.48,4.41
2018-06-27,1.29,3.56,4.37
2018-06-28,1.3,3.64,4.39
2018-06-29,1.29,3.61,4.39
2018-06-30,1.3,3.71,4.41
2018-07-02,1.3,3.78,4.43
2018-07-03,1.3,3.77,4.4
2018-07-04,1.3,3.77,4.4
2018-07-05,1.29,3.74,4.4
2018-07-06,1.28,3.74,4.37
2018-07-09,1.27,3.65,4.38
2018-07-10,1.25,3.59,4.38
2018-07-11,1.25,3.66,4.36
2018-07-12,1.25,3.61,4.36
2018-07-13,1.24,3.62,4.33
2018-07-16,1.23,3.59,4.34
2018-07-17,1.23,3.58,4.34
2018-07-18,1.23,3.56,4.35
2018-07-19,1.23,3.59,4.32
2018-07-20,1.22,3.55,4.35
2018-07-23,1.21,3.5,4.4
2018-07-24,1.2,3.47,4.37
2018-07-25,1.19,3.48,4.35
2018-07-26,1.17,3.42,4.37
2018-07-27,1.16,3.42,4.35
2018-07-30,1.16,3.43,4.35
2018-07-31,1.16,3.46,4.36
2018-08-01,1.16,3.43,4.39
2018-08-02,1.16,3.43,4.37
2018-08-03,1.15,3.43,4.34
2018-08-06,1.15,3.43,4.33
2018-08-07,1.14,3.35,4.35
2018-08-08,1.15,3.37,4.36
2018-08-09,1.16,3.38,4.34
2018-08-10,1.18,3.5,4.3
2018-08-13,1.19,3.52,4.33
2018-08-14,1.19,3.48,4.34
2018-08-15,1.2,3.55,4.31
2018-08-16,1.19,3.49,4.32
2018-08-17,1.18,3.49,4.31
2018-08-20,1.19,3.52,4.27
2018-08-21,1.18,3.48,4.29
2018-08-22,1.19,3.48,4.28
2018-08-23,1.19,3.47,4.28
2018-08-24,1.19,3.46,4.29
2018-08-27,1.19,3.43,4.31
2018-08-28,1.18,3.4,4.33
2018-08-29,1.18,3.39,4.33
2018-08-30,1.19,3.44,4.32
2018-08-31,1.21,3.49,4.33
2018-09-03,1.21,3.49,4.33
2018-09-04,1.21,3.46,4.38
2018-09-05,1.21,3.49,4.38
2018-09-06,1.21,3.52,4.35
2018-09-07,1.2,3.48,4.41
2018-09-10,1.2,3.46,4.4
2018-09-11,1.19,3.4,4.43
2018-09-12,1.18,3.38,4.41
2018-09-13,1.17,3.35,4.4
2018-09-14,1.16,3.29,4.41
2018-09-17,1.15,3.29,4.41
2018-09-18,1.15,3.24,4.44
2018-09-19,1.14,3.24,4.47
2018-09-20,1.13,3.25,4.44
2018-09-21,1.13,3.25,4.43
2018-09-24,1.13,3.28,4.44
2018-09-25,1.12,3.26,4.45
2018-09-26,1.12,3.27,4.42
2018-09-27,1.12,3.25,4.41
2018-09-28,1.11,3.24,4.4
2018-09-30,1.13,3.28,4.43
2018-10-01,1.13,3.22,4.45
2018-10-02,1.13,3.22,4.43
2018-10-03,1.11,3.16,4.5
2018-10-04,1.12,3.29,4.54
2018-10-05,1.13,3.32,4.57
2018-10-08,1.13,3.32,4.57
2018-10-09,1.13,3.41,4.56
2018-10-10,1.13,3.51,4.57
2018-10-11,1.16,3.58,4.53
2018-10-12,1.16,3.54,4.54
2018-10-15,1.15,3.49,4.55
2018-10-16,1.16,3.45,4.55
2018-10-17,1.16,3.45,4.57
2018-10-18,1.17,3.51,4.58
2018-10-19,1.17,3.51,4.61
2018-10-22,1.18,3.52,4.61
2018-10-23,1.2,3.65,4.61
2018-10-24,1.19,3.68,4.57
2018-10-25,1.22,3.72,4.6
2018-10-26,1.23,3.85,4.57
2018-10-29,1.23,3.84,4.58
2018-10-30,1.25,3.89,4.62
2018-10-31,1.25,3.81,4.68
2018-11-01,1.26,3.81,4.67
2018-11-02,1.24,3.72,4.72
2018-11-05,1.25,3.72,4.71
2018-11-06,1.23,3.68,4.71
2018-11-07,1.22,3.6,4.7
2018-11-08,1.22,3.57,4.71
2018-11-09,1.23,3.71,4.69
2018-11-12,1.23,3.71,4.69
2018-11-13,1.26,3.89,4.69
2018-11-14,1.29,3.99,4.69
2018-11-15,1.33,4.11,4.73
2018-11-16,1.34,4.18,4.71
2018-11-19,1.36,4.25,4.71
2018-11-20,1.39,4.33,4.75
2018-11-21,1.38,4.24,4.76
2018-11-22,1.38,4.25,4.76
2018-11-23,1.38,4.29,4.75
2018-11-26,1.38,4.26,4.77
2018-11-27,1.4,4.31,4.78
2018-11-28,1.41,4.25,4.78
2018-11-29,1.42,4.22,4.79
2018-11-30,1.45,4.29,4.83
2018-12-03,1.44,4.2,4.8
2018-12-04,1.46,4.29,4.77
2018-12-05,1.46,4.29,4.77
2018-12-06,1.51,4.5,4.78
2018-12-07,1.51,4.5,4.75
2018-12-10,1.52,4.56,4.77
2018-12-11,1.51,4.48,4.78
2018-12-12,1.5,4.4,4.78
2018-12-13,1.48,4.39,4.76
2018-12-14,1.48,4.46,4.73
2018-12-17,1.48,4.58,4.7
2018-12-18,1.49,4.72,4.68
2018-12-19,1.49,4.84,4.65
2018-12-20,1.52,5.11,4.7
2018-12-21,1.54,5.22,4.72
2018-12-24,1.55,5.35,4.69
2018-12-25,,,
2018-12-26,1.56,5.37,4.74
2018-12-27,1.57,5.38,4.7
2018-12-28,1.58,5.3,4.71
2018-12-31,1.59,5.33,4.69
2019-01-01,,,
2019-01-02,1.6,5.35,4.67
2019-01-03,1.63,5.44,4.6
2019-01-04,1.62,5.05,4.68
2019-01-07,1.6,4.83,4.69
2019-01-08,1.58,4.65,4.7
2019-01-09,1.56,4.52,4.67
2019-01-10,1.55,4.54,4.67
2019-01-11,1.54,4.55,4.64
2019-01-14,1.54,4.6,4.64
2019-01-15,1.54,4.55,4.64
2019-01-16,1.52,4.44,4.63
2019-01-17,1.5,4.4,4.63
2019-01-18,1.46,4.27,4.63
2019-01-21,1.46,4.27,4.63
2019-01-22,1.46,4.41,4.58
2019-01-23,1.44,4.39,4.57
2019-01-24,1.43,4.45,4.53
2019-01-25,1.4,4.34,4.54
2019-01-28,1.4,4.41,4.53
2019-01-29,1.39,4.4,4.5
2019-01-30,1.39,4.36,4.47
2019-01-31,1.38,4.37,4.4
2019-02-01,1.36,4.29,4.42
2019-02-04,1.34,4.25,4.43
2019-02-05,1.33,4.15,4.39
2019-02-06,1.32,4.13,4.38
2019-02-07,1.34,4.29,4.36
2019-02-08,1.34,4.32,4.35
2019-02-11,1.34,4.28,4.37
2019-02-12,1.33,4.17,4.38
2019-02-13,1.32,4.12,4.4
2019-02-14,1.33,4.17,4.36
2019-02-15,1.32,4.12,4.36
2019-02-18,1.32,4.12,4.36
2019-02-19,1.32,4.11,4.34
2019-02-20,1.32,4.08,4.34
2019-02-21,1.32,4.04,4.37
2019-02-22,1.32,4.05,4.34
2019-02-25,1.31,4.0,4.34
2019-02-26,1.31,4.01,4.31
2019-02-27,1.3,3.94,4.34
2019-02-28,1.29,3.92,4.37
2019-03-01,1.28,3.86,4.39
2019-03-04,1.27,3.9,4.36
2019-03-05,1.27,3.91,4.36
2019-03-06,1.28,3.98,4.34
2019-03-07,1.29,4.1,4.29
2019-03-08,1.29,4.18,4.29
2019-03-11,1.29,4.12,4.3
2019-03-12,1.28,4.08,4.26
2019-03-13,1.28,3.99,4.26
2019-03-14,1.27,3.95,4.26
2019-03-15,1.26,3.95,4.22
2019-03-18,1.26,3.95,4.22
2019-03-19,1.25,3.91,4.22
2019-03-20,1.26,3.97,4.16
2019-03-21,1.25,3.92,4.15
2019-03-22,1.25,4.03,4.07
2019-03-25,1.25,4.13,4.03
2019-03-26,1.25,4.09,4.02
2019-03-27,1.25,4.09,3.99
2019-03-28,1.25,4.08,4.0
2019-03-29,1.25,3.99,4.02
2019-03-31,1.27,4.05,4.05
2019-04-01,1.25,3.94,4.1
2019-04-02,1.25,3.95,4.09
2019-04-03,1.24,3.9,4.1
2019-04-04,1.24,3.9,4.09
2019-04-05,1.23,3.86,4.08
2019-04-08,1.22,3.84,4.08
2019-04-09,1.22,3.86,4.06
2019-04-10,1.21,3.86,4.03
2019-04-11,1.2,3.79,4.04
2019-04-12,1.18,3.68,4.06
2019-04-15,1.17,3.68,4.04
2019-04-16,1.16,3.64,4.07
2019-04-17,1.16,3.67,4.06
2019-04-18,1.17,3.73,4.03
2019-04-19,,,
2019-04-22,1.17,3.73,4.06
2019-04-23,1.17,3.72,4.04
2019-04-24,1.17,3.73,3.99
2019-04-25,1.17,3.75,4.0
2019-04-26,1.17,3.76,3.97
2019-04-29,1.16,3.73,3.99
2019-04-30,1.17,3.73,3.98
2019-05-01,1.17,3.71,3.98
2019-05-02,1.18,3.74,4.03
2019-05-03,1.18,3.72,4.02
2019-05-06,1.18,3.82,4.0
2019-05-07,1.19,3.89,3.96
2019-05-08,1.2,3.87,3.99
2019-05-09,1.22,3.99,3.99
2019-05-10,1.22,4.01,3.99
2019-05-13,1.24,4.2,3.96
2019-05-14,1.24,4.13,3.97
2019-05-15,1.24,4.17,3.94
2019-05-16,1.24,4.06,3.96
2019-05-17,1.24,4.07,3.95
2019-05-20,1.24,4.06,3.97
2019-05-21,1.24,3.99,3.99
2019-05-22,1.25,4.03,3.97
2019-05-23,1.28,4.22,3.91
2019-05-24,1.27,4.16,3.94
2019-05-27,1.27,4.16,3.94
2019-05-28,1.29,4.19,3.9
2019-05-29,1.32,4.36,3.9
2019-05-30,1.31,4.33,3.89
2019-05-31,1.35,4.59,3.85
2019-06-03,1.36,4.7,3.8
2019-06-04,1.35,4.53,3.82
2019-06-05,1.34,4.48,3.81
2019-06-06,1.34,4.42,3.82
2019-06-07,1.34,4.37,3.78
2019-06-10,1.32,4.23,3.81
2019-06-11,1.32,4.2,3.8
2019-06-12,1.32,4.22,3.78
2019-06-13,1.32,4.24,3.75
2019-06-14,1.32,4.23,3.75
2019-06-17,1.32,4.23,3.75
2019-06-18,1.3,4.14,3.71
2019-06-19,1.3,4.16,3.66
2019-06-20,1.28,4.03,3.61
2019-06-21,1.25,3.95,3.64
2019-06-24,1.23,4.0,3.58
2019-06-25,1.24,4.09,3.57
2019-06-26,1.23,4.05,3.61
2019-06-27,1.23,4.09,3.57
2019-06-28,1.22,4.07,3.55
2019-06-30,1.22,4.07,3.56
2019-07-01,1.21,3.99,3.57
2019-07-02,1.2,4.04,3.53
2019-07-03,1.2,4.02,3.51
2019-07-04,1.2,4.02,3.51
2019-07-05,1.19,3.98,3.59
2019-07-08,1.19,4.0,3.58
2019-07-09,1.2,4.03,3.61
2019-07-10,1.2,4.01,3.59
2019-07-11,1.19,4.0,3.63
2019-07-12,1.18,4.02,3.61
2019-07-15,1.18,4.0,3.59
2019-07-16,1.18,3.96,3.62
2019-07-17,1.18,4.01,3.57
2019-07-18,1.19,4.11,3.55
2019-07-19,1.18,4.07,3.55
2019-07-22,1.17,4.06,3.54
2019-07-23,1.16,3.99,3.55
2019-07-24,1.16,3.98,3.53
2019-07-25,1.15,3.93,3.54
2019-07-26,1.14,3.89,3.54
2019-07-29,1.13,3.93,3.51
2019-07-30,1.14,3.97,3.53
2019-07-31,1.14,3.93,3.53
2019-08-01,1.17,4.1,3.42
2019-08-02,1.19,4.19,3.42
2019-08-05,1.24,4.53,3.36
2019-08-06,1.25,4.46,3.37
2019-08-07,1.27,4.52,3.34
2019-08-08,1.26,4.31,3.37
2019-08-09,1.26,4.31,3.38
2019-08-12,1.27,4.4,3.32
2019-08-13,1.26,4.25,3.37
2019-08-14,1.29,4.49,3.31
2019-08-15,1.31,4.52,3.28
2019-08-16,1.31,4.47,3.28
2019-08-19,1.29,4.36,3.31
2019-08-20,1.28,4.35,3.27
2019-08-21,1.26,4.21,3.28
2019-08-22,1.25,4.16,3.3
2019-08-23,1.25,4.25,3.23
2019-08-26,1.25,4.22,3.24
2019-08-27,1.25,4.19,3.2
2019-08-28,1.26,4.17,3.19
2019-08-29,1.26,4.08,3.22
2019-08-30,1.25,4.09,3.2
2019-08-31,1.26,4.13,3.21
2019-09-02,1.26,4.13,3.21
2019-09-03,1.27,4.23,3.18
2019-09-04,1.27,4.23,3.17
2019-09-05,1.26,4.07,3.26
2019-09-06,1.26,4.05,3.24
2019-09-09,1.25,3.99,3.29
2019-09-10,1.25,3.9,3.36
2019-09-11,1.24,3.92,3.38
2019-09-12,1.22,3.85,3.41
2019-09-13,1.21,3.83,3.49
2019-09-16,1.21,3.8,3.43
2019-09-17,1.21,3.81,3.4
2019-09-18,1.2,3.82,3.38
2019-09-19,1.19,3.77,3.36
2019-09-20,1.19,3.81,3.34
2019-09-23,1.19,3.84,3.29
2019-09-24,1.2,3.9,3.24
2019-09-25,1.2,3.91,3.33
2019-09-26,1.2,3.95,3.29
2019-09-27,1.21,3.99,3.28
2019-09-30,1.22,4.02,3.3
2019-10-01,1.22,4.08,3.26
2019-10-02,1.25,4.28,3.24
2019-10-03,1.26,4.4,3.19
2019-10-04,1.26,4.38,3.17
2019-10-07,1.25,4.31,3.21
2019-10-08,1.26,4.39,3.2
2019-10-09,1.25,4.32,3.24
2019-10-10,1.25,4.26,3.29
2019-10-11,1.22,4.1,3.34
2019-10-14,1.22,4.08,3.34
2019-10-15,1.2,4.01,3.33
2019-10-16,1.2,4.01,3.3
2019-10-17,1.19,4.0,3.3
2019-10-18,1.18,4.02,3.28
2019-10-21,1.17,3.98,3.31
2019-10-22,1.16,3.99,3.27
2019-10-23,1.17,3.98,3.27
2019-10-24,1.16,3.96,3.27
2019-10-25,1.14,3.89,3.29
2019-10-28,1.13,3.85,3.31
2019-10-29,1.13,3.86,3.3
2019-10-30,1.14,3.96,3.28
2019-10-31,1.17,4.15,3.22
2019-11-01,1.16,4.09,3.24
2019-11-04,1.15,3.99,3.27
2019-11-05,1.13,3.97,3.32
2019-11-06,1.13,4.02,3.28
2019-11-07,1.11,3.96,3.36
2019-11-08,1.11,4.0,3.36
2019-11-11,1.11,3.99,3.36
2019-11-12,1.11,4.0,3.34
2019-11-13,1.12,4.05,3.31
2019-11-14,1.13,4.08,3.27
2019-11-15,1.12,4.06,3.28
2019-11-18,1.12,4.09,3.26
2019-11-19,1.12,4.12,3.25
2019-11-20,1.13,4.18,3.22
2019-11-21,1.14,4.17,3.26
2019-11-22,1.13,4.13,3.26
2019-11-25,1.12,4.08,3.24
2019-11-26,1.12,4.05,3.2
2019-11-27,1.11,3.99,3.22
2019-11-28,,,
2019-11-29,1.11,4.01,3.22
2019-11-30,1.11,4.02,3.25
2019-12-02,1.11,4.03,3.29
2019-12-03,1.13,4.14,3.19
2019-12-04,1.11,4.02,3.24
2019-12-05,1.1,4.0,3.24
2019-12-06,1.09,3.89,3.26
2019-12-09,1.08,3.88,3.24
2019-12-10,1.07,3.84,3.24
2019-12-11,1.07,3.83,3.2
2019-12-12,1.06,3.7,3.28
2019-12-13,1.05,3.71,3.19
2019-12-16,1.04,3.62,3.23
2019-12-17,1.03,3.58,3.21
2019-12-18,1.02,3.51,3.23
2019-12-19,1.01,3.54,3.2
2019-12-20,1.01,3.53,3.2
2019-12-23,1.01,3.52,3.22
2019-12-24,1.0,3.53,3.19
2019-12-25,,,
2019-12-26,1.0,3.53,3.19
2019-12-27,1.0,3.56,3.15
2019-12-30,1.0,3.6,3.16
2019-12-31,1.01,3.6,3.19
2020-01-01,,,
2020-01-02,1.01,3.56,3.17
2020-01-03,1.03,3.61,3.11
2020-01-06,1.03,3.57,3.14
2020-01-07,1.04,3.54,3.15
2020-01-08,1.03,3.5,3.19
2020-01-09,1.02,3.49,3.16
2020-01-10,1.01,3.48,3.13
2020-01-13,1.01,3.48,3.14
2020-01-14,1.02,3.45,3.12
2020-01-15,1.02,3.44,3.09
2020-01-16,1.01,3.42,3.1
2020-01-17,0.99,3.39,3.1
2020-01-20,0.99,3.38,3.1
2020-01-21,0.99,3.47,3.04
2020-01-22,0.99,3.49,3.03
2020-01-23,1.0,3.58,3.02
2020-01-24,1.01,3.68,2.98
2020-01-27,1.04,4.03,2.96
2020-01-28,1.04,3.86,2.99
2020-01-29,1.04,3.83,2.94
2020-01-30,1.06,3.95,2.93
2020-01-31,1.09,4.03,2.93
2020-02-03,1.08,3.97,2.93
2020-02-04,1.06,3.85,2.99
2020-02-05,1.05,3.75,3.0
2020-02-06,1.03,3.7,2.99
2020-02-07,1.04,3.75,2.94
2020-02-10,1.04,3.75,2.91
2020-02-11,1.04,3.65,2.94
2020-02-12,1.02,3.59,2.96
2020-02-13,1.02,3.57,2.95
2020-02-14,1.02,3.56,2.92
2020-02-17,1.02,3.56,2.92
2020-02-18,1.02,3.61,2.9
2020-02-19,1.02,3.57,2.91
2020-02-20,1.04,3.62,2.89
2020-02-21,1.05,3.66,2.85
2020-02-24,1.1,4.03,2.82
2020-02-25,1.13,4.18,2.81
2020-02-26,1.15,4.27,2.81
2020-02-27,1.21,4.62,2.86
2020-02-28,1.31,5.04,2.8
2020-02-29,1.3,5.06,2.8
2020-03-02,1.33,4.97,2.8
2020-03-03,1.32,4.84,2.72
2020-03-04,1.32,4.75,2.67
2020-03-05,1.35,5.05,2.65
2020-03-06,1.49,5.64,2.63
2020-03-09,1.88,6.68,2.95
2020-03-10,1.87,6.38,3.17
2020-03-11,1.96,6.61,3.31
2020-03-12,2.22,7.42,3.63
2020-03-13,2.29,7.31,3.77
2020-03-16,2.55,8.38,3.86
2020-03-17,2.72,8.41,4.27
2020-03-18,3.03,9.04,4.82
2020-03-19,3.51,9.82,5.23
2020-03-20,3.87,10.09,5.48
2020-03-23,4.01,10.87,5.56
2020-03-24,3.82,10.55,5.48
2020-03-25,3.54,10.11,5.23
2020-03-26,3.33,9.29,4.94
2020-03-27,3.24,8.99,4.8
2020-03-30,3.15,8.82,4.66
2020-03-31,3.05,8.77,4.59
2020-04-01,3.05,9.11,4.58
2020-04-02,3.06,9.17,4.59
2020-04-03,3.08,9.43,4.59
2020-04-06,3.03,9.26,4.61
2020-04-07,2.92,8.88,4.52
2020-04-08,2.83,8.81,4.42
2020-04-09,2.61,7.96,4.09
2020-04-10,,,
2020-04-13,2.46,7.7,3.93
2020-04-14,2.35,7.35,3.79
2020-04-15,2.38,7.64,3.72
2020-04-16,2.36,7.58,3.68
2020-04-17,2.34,7.31,3.68
2020-04-20,2.36,7.52,3.69
2020-04-21,2.41,7.9,3.71
2020-04-22,2.39,7.85,3.73
2020-04-23,2.36,7.87,3.69
2020-04-24,2.36,8.03,3.68
2020-04-27,2.34,8.01,3.72
2020-04-28,2.34,8.02,3.67
2020-04-29,2.31,7.87,3.64
2020-04-30,2.17,7.63,3.42
2020-05-01,2.18,7.7,3.44
2020-05-04,2.2,7.79,3.45
2020-05-05,2.18,7.6,3.45
2020-05-06,2.18,7.6,3.48
2020-05-07,2.21,7.6,3.43
2020-05-08,2.22,7.52,3.48
2020-05-11,2.23,7.51,3.53
2020-05-12,2.22,7.42,3.48
2020-05-13,2.21,7.61,3.45
2020-05-14,2.21,7.77,3.42
2020-05-15,2.2,7.78,3.42
2020-05-18,2.12,7.41,3.42
2020-05-19,2.06,7.35,3.33
2020-05-20,2.01,7.16,3.24
2020-05-21,1.98,7.08,3.21
2020-05-22,1.97,7.06,3.18
2020-05-25,1.96,7.06,3.18
2020-05-26,1.92,6.75,3.15
2020-05-27,1.9,6.7,3.11
2020-05-28,1.87,6.6,3.09
2020-05-29,1.85,6.71,3.02
2020-05-31,1.87,6.54,3.04
2020-06-01,1.85,6.43,3.03
2020-06-02,1.81,6.18,2.99
2020-06-03,1.74,5.8,2.97
2020-06-04,1.7,5.83,2.95
2020-06-05,1.6,5.5,2.88
2020-06-08,1.56,5.51,2.82
2020-06-09,1.59,5.75,2.8
2020-06-10,1.61,5.92,2.76
2020-06-11,1.7,6.4,2.79
2020-06-12,1.69,6.28,2.82
2020-06-15,1.7,6.25,2.83
2020-06-16,1.58,5.78,2.73
2020-06-17,1.57,5.85,2.7
2020-06-18,1.58,6.01,2.68
2020-06-19,1.57,6.02,2.67
2020-06-22,1.57,6.03,2.67
2020-06-23,1.56,6.02,2.67
2020-06-24,1.6,6.23,2.68
2020-06-25,1.61,6.3,2.69
2020-06-26,1.62,6.41,2.67
2020-06-29,1.62,6.52,2.68
2020-06-30,1.6,6.44,2.68
2020-07-01,1.58,6.33,2.67
2020-07-02,1.54,6.17,2.62
2020-07-03,1.54,6.17,2.62
2020-07-06,1.51,6.03,2.6
2020-07-07,1.51,6.04,2.57
2020-07-08,1.51,6.06,2.57
2020-07-09,1.52,6.14,2.54
2020-07-10,1.52,6.14,2.56
2020-07-13,1.5,6.01,2.55
2020-07-14,1.5,6.03,2.53
2020-07-15,1.48,5.81,2.51
2020-07-16,1.47,5.76,2.49
2020-07-17,1.46,5.74,2.49
2020-07-20,1.44,5.54,2.46
2020-07-21,1.41,5.33,2.41
2020-07-22,1.39,5.28,2.39
2020-07-23,1.39,5.26,2.36
2020-07-24,1.39,5.29,2.37
2020-07-27,1.39,5.24,2.38
2020-07-28,1.4,5.27,2.37
2020-07-29,1.4,5.15,2.36
2020-07-30,1.41,5.14,2.34
2020-07-31,1.41,5.16,2.35
2020-08-03,1.4,5.08,2.35
2020-08-04,1.4,5.13,2.31
2020-08-05,1.37,5.04,2.31
2020-08-06,1.36,5.06,2.29
2020-08-07,1.35,5.06,2.29
2020-08-10,1.34,5.09,2.29
2020-08-11,1.33,5.03,2.34
2020-08-12,1.33,5.1,2.34
2020-08-13,1.34,5.16,2.38
2020-08-14,1.35,5.26,2.39
2020-08-17,1.36,5.29,2.38
2020-08-18,1.37,5.26,2.38
2020-08-19,1.37,5.25,2.38
2020-08-20,1.38,5.28,2.37
2020-08-21,1.38,5.25,2.36
2020-08-24,1.37,5.17,2.36
2020-08-25,1.37,5.07,2.38
2020-08-26,1.37,5.02,2.39
2020-08-27,1.38,4.98,2.43
2020-08-28,1.37,5.0,2.41
2020-08-31,1.36,5.02,2.38
2020-09-01,1.35,4.97,2.35
2020-09-02,1.34,4.93,2.32
2020-09-03,1.35,5.04,2.3
2020-09-04,1.35,5.13,2.39
2020-09-07,1.35,5.13,2.39
2020-09-08,1.37,5.25,2.37
2020-09-09,1.37,5.16,2.39
2020-09-10,1.37,5.16,2.37
2020-09-11,1.37,5.21,2.36
2020-09-14,1.36,5.18,2.35
2020-09-15,1.36,5.14,2.35
2020-09-16,1.35,5.07,2.35
2020-09-17,1.35,5.14,2.34
2020-09-18,1.35,5.16,2.35
2020-09-21,1.37,5.42,2.35
2020-09-22,1.37,5.45,2.35
2020-09-23,1.39,5.47,2.38
2020-09-24,1.43,5.64,2.41
2020-09-25,1.46,5.64,2.44
2020-09-28,1.45,5.52,2.44
2020-09-29,1.44,5.5,2.42
2020-09-30,1.44,5.41,2.44
2020-10-01,1.43,5.36,2.44
2020-10-02,1.43,5.38,2.45
2020-10-05,1.4,5.18,2.47
2020-10-06,1.38,5.06,2.43
2020-10-07,1.36,5.02,2.44
2020-10-08,1.36,4.97,2.42
2020-10-09,1.35,4.92,2.41
2020-10-12,1.34,4.92,2.41
2020-10-13,1.33,4.88,2.36
2020-10-14,1.33,4.89,2.35
2020-10-15,1.34,5.01,2.37
2020-10-16,1.33,4.94,2.37
2020-10-19,1.32,4.91,2.37
2020-10-20,1.32,4.9,2.39
2020-10-21,1.31,4.91,2.4
2020-10-22,1.31,4.88,2.41
2020-10-23,1.3,4.87,2.4
2020-10-26,1.3,5.03,2.37
2020-10-27,1.3,5.06,2.35
2020-10-28,1.32,5.29,2.38
2020-10-29,1.33,5.25,2.42
2020-10-30,1.33,5.25,2.44
2020-10-31,1.34,5.32,2.45
2020-11-02,1.33,5.25,2.43
2020-11-03,1.32,5.07,2.44
2020-11-04,1.3,4.79,2.34
2020-11-05,1.27,4.59,2.31
2020-11-06,1.25,4.67,2.32
2020-11-09,1.19,4.22,2.35
2020-11-10,1.19,4.37,2.35
2020-11-11,1.18,4.37,2.35
2020-11-12,1.21,4.62,2.3
2020-11-13,1.21,4.63,2.3
2020-11-16,1.19,4.5,2.29
2020-11-17,1.19,4.48,2.26
2020-11-18,1.17,4.42,2.24
2020-11-19,1.16,4.48,2.21
2020-11-20,1.16,4.49,2.19
2020-11-23,1.16,4.43,2.2
2020-11-24,1.15,4.31,2.2
2020-11-25,1.14,4.33,2.19
2020-11-26,1.14,4.33,2.19
2020-11-27,1.13,4.35,2.16
2020-11-30,1.12,4.33,2.15
2020-12-01,1.09,4.21,2.18
2020-12-02,1.08,4.17,2.17
2020-12-03,1.07,4.1,2.13
2020-12-04,1.07,4.03,2.16
2020-12-07,1.07,4.03,2.13
2020-12-08,1.08,4.03,2.13
2020-12-09,1.1,4.04,2.17
2020-12-10,1.11,4.08,2.14
2020-12-11,1.11,4.13,2.14
2020-12-14,1.11,4.07,2.12
2020-12-15,1.1,4.06,2.13
2020-12-16,1.08,4.06,2.11
2020-12-17,1.07,4.05,2.11
2020-12-18,1.07,4.03,2.11
2020-12-21,1.07,4.18,2.11
2020-12-22,1.07,4.12,2.09
2020-12-23,1.07,4.07,2.11
2020-12-24,1.06,4.05,2.09
2020-12-25,,,
2020-12-28,1.05,3.89,2.08
2020-12-29,1.05,3.85,2.07
2020-12-30,1.03,3.87,2.05
2020-12-31,1.03,3.86,2.06
2021-01-01,,,
2021-01-04,1.04,3.93,2.06
2021-01-05,1.05,3.92,2.1
2021-01-06,1.04,3.8,2.16
2021-01-07,1.03,3.78,2.16
2021-01-08,1.02,3.76,2.17
2021-01-11,1.01,3.82,2.18
2021-01-12,1.01,3.85,2.18
2021-01-13,1.0,3.82,2.13
2021-01-14,0.99,3.73,2.15
2021-01-15,1.0,3.74,2.12
2021-01-18,0.99,3.73,2.12
2021-01-19,0.99,3.71,2.11
2021-01-20,0.99,3.67,2.1
2021-01-21,1.0,3.65,2.12
2021-01-22,1.01,3.75,2.12
2021-01-25,1.02,3.75,2.1
2021-01-26,1.02,3.74,2.1
2021-01-27,1.03,3.85,2.1
2021-01-28,1.02,3.76,2.12
2021-01-29,1.02,3.79,2.14
2021-01-31,1.03,3.84,2.16
2021-02-01,1.03,3.83,2.15
2021-02-02,1.02,3.75,2.16
2021-02-03,1.01,3.68,2.17
2021-02-04,1.0,3.64,2.16
2021-02-05,0.99,3.58,2.16
2021-02-08,0.98,3.54,2.14
2021-02-09,0.98,3.51,2.14
2021-02-10,0.98,3.51,2.12
2021-02-11,0.98,3.5,2.13
2021-02-12,0.97,3.48,2.16
2021-02-15,0.97,3.47,2.15
2021-02-16,0.95,3.41,2.2
2021-02-17,0.94,3.44,2.2
2021-02-18,0.94,3.46,2.19
2021-02-19,0.94,3.41,2.22
2021-02-22,0.95,3.44,2.26
2021-02-23,0.97,3.47,2.27
2021-02-24,0.96,3.42,2.29
2021-02-25,0.95,3.42,2.39
2021-02-26,0.95,3.52,2.36
2021-02-28,0.95,3.57,2.37
2021-03-01,0.96,3.54,2.35
2021-03-02,0.96,3.53,2.33
2021-03-03,0.95,3.51,2.37
2021-03-04,0.97,3.54,2.43
2021-03-05,1.0,3.6,2.46
2021-03-08,1.02,3.57,2.51
2021-03-09,1.04,3.62,2.51
2021-03-10,1.04,3.63,2.48
2021-03-11,1.02,3.52,2.47
2021-03-12,1.02,3.55,2.54
2021-03-15,1.02,3.55,2.52
2021-03-16,1.01,3.55,2.52
2021-03-17,1.02,3.65,2.52
2021-03-18,1.0,3.66,2.57
2021-03-19,1.0,3.67,2.57
2021-03-22,1.0,3.58,2.53
2021-03-23,1.01,3.57,2.51
2021-03-24,1.01,3.51,2.49
2021-03-25,1.02,3.53,2.49
2021-03-26,1.01,3.48,2.51
2021-03-29,1.0,3.43,2.54
2021-03-30,0.99,3.44,2.53
2021-03-31,0.97,3.36,2.55
2021-04-01,0.95,3.33,2.49
2021-04-02,,,
2021-04-05,0.94,3.25,2.51
2021-04-06,0.95,3.25,2.47
2021-04-07,0.95,3.22,2.46
2021-04-08,0.95,3.21,2.45
2021-04-09,0.94,3.24,2.46
2021-04-12,0.94,3.24,2.47
2021-04-13,0.94,3.32,2.44
2021-04-14,0.93,3.25,2.44
2021-04-15,0.94,3.25,2.37
2021-04-16,0.94,3.22,2.41
2021-04-19,0.95,3.25,2.43
2021-04-20,0.96,3.35,2.41
2021-04-21,0.96,3.34,2.42
2021-04-22,0.96,3.34,2.4
2021-04-23,0.95,3.29,2.41
2021-04-26,0.95,3.26,2.4
2021-04-27,0.94,3.24,2.43
2021-04-28,0.94,3.26,2.43
2021-04-29,0.94,3.24,2.43
2021-04-30,0.94,3.28,2.45
2021-05-03,0.94,3.27,2.42
2021-05-04,0.94,3.32,2.41
2021-05-05,0.94,3.29,2.4
2021-05-06,0.94,3.3,2.39
2021-05-07,0.93,3.27,2.38
2021-05-10,0.93,3.26,2.4
2021-05-11,0.93,3.36,2.42
2021-05-12,0.93,3.34,2.47
2021-05-13,0.93,3.37,2.45
2021-05-14,0.92,3.35,2.42
2021-05-17,0.91,3.35,2.42
2021-05-18,0.91,3.35,2.42
2021-05-19,0.92,3.4,2.45
2021-05-20,0.92,3.42,2.41
2021-05-21,0.91,3.37,2.41
2021-05-24,0.91,3.37,2.38
2021-05-25,0.9,3.34,2.35
2021-05-26,0.9,3.35,2.35
2021-05-27,0.9,3.3,2.37
2021-05-28,0.9,3.29,2.36
2021-05-31,0.91,3.34,2.38
2021-06-01,0.91,3.33,2.39
2021-06-02,0.9,3.31,2.37
2021-06-03,0.9,3.28,2.4
2021-06-04,0.91,3.28,2.36
2021-06-07,0.91,3.27,2.36
2021-06-08,0.91,3.26,2.33
2021-06-09,0.91,3.22,2.31
2021-06-10,0.91,3.23,2.29
2021-06-11,0.9,3.21,2.28
2021-06-14,0.89,3.17,2.31
2021-06-15,0.89,3.17,2.3
2021-06-16,0.87,3.12,2.35
2021-06-17,0.87,3.15,2.31
2021-06-18,0.87,3.18,2.29
2021-06-21,0.87,3.14,2.31
2021-06-22,0.88,3.15,2.3
2021-06-23,0.88,3.13,2.31
2021-06-24,0.87,3.08,2.31
2021-06-25,0.86,3.04,2.34
2021-06-28,0.86,3.05,2.29
2021-06-29,0.86,3.03,2.29
2021-06-30,0.86,3.04,2.28
2021-07-01,0.87,3.02,2.31
2021-07-02,0.87,3.04,2.28
2021-07-05,0.87,3.03,2.27
2021-07-06,0.87,3.05,2.23
2021-07-07,0.88,3.05,2.21
2021-07-08,0.9,3.14,2.19
2021-07-09,0.9,3.07,2.24
2021-07-12,0.9,3.05,2.24
2021-07-13,0.89,3.04,2.28
2021-07-14,0.89,3.1,2.24
2021-07-15,0.9,3.14,2.21
2021-07-16,0.91,3.18,2.22
2021-07-19,0.93,3.44,2.16
2021-07-20,0.94,3.38,2.17
2021-07-21,0.93,3.24,2.21
2021-07-22,0.93,3.24,2.19
2021-07-23,0.92,3.22,2.2
2021-07-26,0.92,3.21,2.2
2021-07-27,0.92,3.27,2.17
2021-07-28,0.92,3.26,2.19
2021-07-29,0.91,3.23,2.18
2021-07-30,0.91,3.26,2.16
2021-07-31,0.92,3.32,2.18
2021-08-02,0.93,3.36,2.15
2021-08-03,0.93,3.42,2.15
2021-08-04,0.93,3.42,2.16
2021-08-05,0.93,3.37,2.19
2021-08-06,0.93,3.32,2.24
2021-08-09,0.93,3.34,2.27
2021-08-10,0.93,3.32,2.29
2021-08-11,0.93,3.37,2.29
2021-08-12,0.93,3.34,2.3
2021-08-13,0.93,3.36,2.25
2021-08-16,0.93,3.38,2.22
2021-08-17,0.93,3.37,2.23
2021-08-18,0.94,3.35,2.24
2021-08-19,0.95,3.42,2.24
2021-08-20,0.95,3.37,2.24
2021-08-23,0.95,3.34,2.23
2021-08-24,0.94,3.26,2.25
2021-08-25,0.93,3.22,2.28
2021-08-26,0.93,3.2,2.27
2021-08-27,0.92,3.17,2.24
2021-08-30,0.92,3.16,2.21
2021-08-31,0.92,3.21,2.24
2021-09-01,0.92,3.19,2.23
2021-09-02,0.92,3.16,2.23
2021-09-03,0.92,3.14,2.24
2021-09-06,0.92,3.13,2.24
2021-09-07,0.92,3.16,2.27
2021-09-08,0.92,3.16,2.25
2021-09-09,0.92,3.15,2.22
2021-09-10,0.91,3.11,2.24
2021-09-13,0.9,3.09,2.22
2021-09-14,0.9,3.11,2.19
2021-09-15,0.9,3.08,2.2
2021-09-16,0.9,3.06,2.22
2021-09-17,0.9,3.04,2.24
2021-09-20,0.91,3.23,2.21
2021-09-21,0.91,3.17,2.22
2021-09-22,0.9,3.09,2.22
2021-09-23,0.89,3.03,2.27
2021-09-24,0.87,3.05,2.3
2021-09-27,0.86,3.06,2.3
2021-09-28,0.87,3.13,2.34
2021-09-29,0.87,3.09,2.34
2021-09-30,0.89,3.15,2.38
2021-10-01,0.89,3.2,2.33
2021-10-04,0.89,3.21,2.35
2021-10-05,0.89,3.17,2.38
2021-10-06,0.9,3.29,2.38
2021-10-07,0.9,3.19,2.42
2021-10-08,0.9,3.2,2.45
2021-10-11,0.9,3.2,2.45
2021-10-12,0.91,3.28,2.45
2021-10-13,0.91,3.25,2.43
2021-10-14,0.9,3.18,2.4
2021-10-15,0.89,3.12,2.44
2021-10-18,0.89,3.11,2.45
2021-10-19,0.89,3.09,2.47
2021-10-20,0.89,3.07,2.47
2021-10-21,0.89,3.03,2.52
2021-10-22,0.89,3.07,2.51
2021-10-25,0.89,3.11,2.49
2021-10-26,0.89,3.09,2.47
2021-10-27,0.89,3.11,2.41
2021-10-28,0.89,3.08,2.45
2021-10-29,0.89,3.08,2.45
2021-10-31,0.89,3.15,2.47
2021-11-01,0.9,3.16,2.49
2021-11-02,0.91,3.21,2.46
2021-11-03,0.91,3.18,2.48
2021-11-04,0.9,3.19,2.43
2021-11-05,0.9,3.12,2.37
2021-11-08,0.89,3.03,2.4
2021-11-09,0.9,3.08,2.36
2021-11-10,0.9,3.06,2.46
2021-11-11,0.9,3.06,2.46
2021-11-12,0.91,3.09,2.5
2021-11-15,0.91,3.1,2.53
2021-11-16,0.93,3.12,2.55
2021-11-17,0.94,3.17,2.54
2021-11-18,0.94,3.19,2.53
2021-11-19,0.94,3.24,2.5
2021-11-22,0.94,3.18,2.58
2021-11-23,0.96,3.3,2.62
2021-11-24,0.96,3.32,2.62
2021-11-25,0.96,3.32,2.62
2021-11-26,1.01,3.62,2.54
2021-11-29,1.02,3.53,2.56
2021-11-30,1.03,3.67,2.55
2021-12-01,1.03,3.58,2.56
2021-12-02,1.04,3.54,2.59
2021-12-03,1.03,3.56,2.51
2021-12-06,1.02,3.41,2.56
2021-12-07,1.0,3.16,2.57
2021-12-08,0.99,3.21,2.6
2021-12-09,0.99,3.25,2.59
2021-12-10,1.0,3.29,2.59
2021-12-13,1.0,3.33,2.55
2021-12-14,1.01,3.35,2.57
2021-12-15,1.01,3.33,2.6
2021-12-16,1.01,3.32,2.56
2021-12-17,1.01,3.36,2.55
2021-12-20,1.03,3.41,2.57
2021-12-21,1.02,3.25,2.61
2021-12-22,1.01,3.21,2.59
2021-12-23,1.0,3.12,2.61
2021-12-24,,,
2021-12-27,0.99,3.02,2.6
2021-12-28,0.98,3.01,2.59
2021-12-29,0.97,3.03,2.62
2021-12-30,0.97,3.09,2.59
2021-12-31,0.98,3.1,2.6
2022-01-03,0.97,3.05,2.7
2022-01-04,0.96,3.09,2.71
2022-01-05,0.95,3.07,2.74
2022-01-06,0.95,3.15,2.77
2022-01-07,0.95,3.2,2.8
2022-01-10,0.96,3.24,2.82
2022-01-11,0.96,3.18,2.8
2022-01-12,0.96,3.06,2.79
2022-01-13,0.97,3.1,2.79
2022-01-14,0.97,3.09,2.85
2022-01-17,0.97,3.09,2.85
2022-01-18,0.98,3.12,2.95
2022-01-19,0.99,3.11,2.92
2022-01-20,1.0,3.1,2.93
2022-01-21,1.03,3.29,2.89
2022-01-24,1.05,3.44,2.91
2022-01-25,1.05,3.39,2.95
2022-01-26,1.03,3.25,2.99
2022-01-27,1.07,3.46,3.01
2022-01-28,1.09,3.61,3.02
2022-01-31,1.1,3.63,3.05
2022-02-01,1.08,3.51,3.05
2022-02-02,1.08,3.45,3.01
2022-02-03,1.08,3.51,3.07
2022-02-04,1.09,3.56,3.18
2022-02-07,1.1,3.6,3.18
2022-02-08,1.1,3.55,3.2
2022-02-09,1.09,3.46,3.19
2022-02-10,1.08,3.44,3.31
2022-02-11,1.1,3.66,3.28
2022-02-14,1.11,3.74,3.34
2022-02-15,1.11,3.67,3.37
2022-02-16,1.14,3.68,3.38
2022-02-17,1.18,3.74,3.36
2022-02-18,1.2,3.78,3.36
2022-02-21,1.2,3.78,3.36
2022-02-22,1.23,3.75,3.41
2022-02-23,1.24,3.72,3.44
2022-02-24,1.32,3.93,3.51
2022-02-25,1.27,3.62,3.5
2022-02-28,1.3,3.77,3.43
2022-03-01,1.33,3.89,3.35
2022-03-02,1.33,3.71,3.51
2022-03-03,1.33,3.71,3.5
2022-03-04,1.38,3.9,3.46
2022-03-07,1.43,4.01,3.55
2022-03-08,1.49,4.03,3.71
2022-03-09,1.47,3.94,3.75
2022-03-10,1.48,4.0,3.83
2022-03-11,1.5,4.05,3.85
2022-03-14,1.51,4.16,3.98
2022-03-15,1.52,4.21,4.01
2022-03-16,1.46,3.96,4.0
2022-03-17,1.39,3.81,3.92
2022-03-18,1.37,3.81,3.87
2022-03-21,1.33,3.67,3.99
2022-03-22,1.31,3.7,4.02
2022-03-23,1.31,3.72,3.97
2022-03-24,1.32,3.67,4.0
2022-03-25,1.29,3.51,4.12
2022-03-28,1.29,3.54,4.11
2022-03-29,1.26,3.38,4.02
2022-03-30,1.25,3.33,3.97
2022-03-31,1.22,3.43,3.89
2022-04-01,1.2,3.4,3.93
2022-04-04,1.18,3.33,3.93
2022-04-05,1.15,3.27,4.03
2022-04-06,1.18,3.48,4.08
2022-04-07,1.18,3.54,4.1
2022-04-08,1.2,3.57,4.18
2022-04-11,1.22,3.73,4.25
2022-04-12,1.25,3.75,4.21
2022-04-13,1.28,3.77,4.2
2022-04-14,1.26,3.68,4.29
2022-04-15,,,
2022-04-18,1.27,3.64,4.33
2022-04-19,1.28,3.58,4.42
2022-04-20,1.29,3.56,4.37
2022-04-21,1.3,3.5,4.47
2022-04-22,1.33,3.65,4.51
2022-04-25,1.35,3.8,4.46
2022-04-26,1.36,3.83,4.41
2022-04-27,1.38,3.89,4.45
2022-04-28,1.38,3.83,4.51
2022-04-29,1.39,3.93,4.56
2022-04-30,1.41,3.97,4.59
2022-05-02,1.41,4.05,4.69
2022-05-03,1.4,3.97,4.67
2022-05-04,1.41,4.1,4.6
2022-05-05,1.39,4.03,4.72
2022-05-06,1.4,4.18,4.76
2022-05-09,1.44,4.47,4.76
2022-05-10,1.45,4.52,4.7
2022-05-11,1.45,4.55,4.66
2022-05-12,1.48,4.77,4.6
2022-05-13,1.47,4.63,4.71
2022-05-16,1.49,4.71,4.68
2022-05-17,1.49,4.6,4.78
2022-05-18,1.52,4.84,4.75
2022-05-19,1.54,4.92,4.74
2022-05-20,1.55,4.91,4.69
2022-05-23,1.53,4.82,4.74
2022-05-24,1.54,4.94,4.64
2022-05-25,1.49,4.74,4.58
2022-05-26,1.44,4.38,4.53
2022-05-27,1.41,4.19,4.51
2022-05-30,1.41,4.19,4.51
2022-05-31,1.4,4.22,4.58
2022-06-01,1.37,4.13,4.64
2022-06-02,1.38,4.15,4.63
2022-06-03,1.38,4.21,4.67
2022-06-06,1.37,4.19,4.73
2022-06-07,1.38,4.34,4.69
2022-06-08,1.37,4.34,4.73
2022-06-09,1.38,4.42,4.76
2022-06-10,1.41,4.51,4.94
2022-06-13,1.46,4.87,5.21
2022-06-14,1.46,4.9,5.32
2022-06-15,1.45,4.82,5.22
2022-06-16,1.49,5.17,5.19
2022-06-17,1.5,5.15,5.16
2022-06-20,1.5,5.15,5.16
2022-06-21,1.49,5.05,5.21
2022-06-22,1.54,5.32,5.12
2022-06-23,1.56,5.38,5.07
2022-06-24,1.55,5.18,5.11
2022-06-27,1.54,5.11,5.16
2022-06-28,1.56,5.26,5.2
2022-06-29,1.58,5.62,5.13
2022-06-30,1.64,5.87,5.09
2022-07-01,1.65,5.92,5.04
2022-07-04,1.65,5.93,5.04
2022-07-05,1.67,5.99,4.99
2022-07-06,1.65,5.8,5.08
2022-07-07,1.6,5.5,5.12
2022-07-08,1.57,5.36,5.17
2022-07-11,1.58,5.44,5.09
2022-07-12,1.59,5.43,5.07
2022-07-13,1.59,5.47,5.07
2022-07-14,1.6,5.53,5.11
2022-07-15,1.58,5.39,5.07
2022-07-18,1.55,5.25,5.07
2022-07-19,1.54,5.1,5.11
2022-07-20,1.52,4.9,5.11
2022-07-21,1.52,4.99,4.97
2022-07-22,1.52,4.96,4.86
2022-07-25,1.54,4.95,4.91
2022-07-26,1.56,5.06,4.91
2022-07-27,1.55,5.07,4.85
2022-07-28,1.54,4.98,4.78
2022-07-29,1.51,4.77,4.73
2022-07-31,1.53,4.83,4.74
2022-08-01,1.52,4.8,4.7
2022-08-02,1.51,4.61,4.83
2022-08-03,1.5,4.54,4.83
2022-08-04,1.5,4.55,4.76
2022-08-05,1.49,4.44,4.91
2022-08-08,1.49,4.41,4.85
2022-08-09,1.5,4.46,4.9
2022-08-10,1.47,4.33,4.84
2022-08-11,1.42,4.21,4.88
2022-08-12,1.41,4.25,4.84
2022-08-15,1.4,4.24,4.78
2022-08-16,1.39,4.25,4.8
2022-08-17,1.41,4.33,4.88
2022-08-18,1.41,4.37,4.86
2022-08-19,1.42,4.45,4.96
2022-08-22,1.44,4.62,5.04
2022-08-23,1.45,4.68,5.04
2022-08-24,1.43,4.61,5.08
2022-08-25,1.42,4.6,5.01
2022-08-26,1.42,4.65,5.02
2022-08-29,1.44,4.78,5.11
2022-08-30,1.45,4.9,5.13
2022-08-31,1.48,5.03,5.18
2022-09-01,1.5,5.08,5.33
2022-09-02,1.5,5.06,5.24
2022-09-05,1.51,5.07,5.25
2022-09-06,1.51,4.98,5.39
2022-09-07,1.51,4.97,5.32
2022-09-08,1.49,4.8,5.33
2022-09-09,1.47,4.57,5.34
2022-09-12,1.46,4.5,5.35
2022-09-13,1.46,4.68,5.45
2022-09-14,1.46,4.74,5.44
2022-09-15,1.45,4.77,5.48
2022-09-16,1.48,5.0,5.5
2022-09-19,1.47,4.88,5.54
2022-09-20,1.47,4.88,5.6
2022-09-21,1.47,4.87,5.57
2022-09-22,1.48,4.91,5.74
2022-09-23,1.51,5.12,5.79
2022-09-26,1.54,5.18,5.99
2022-09-27,1.58,5.22,6.12
2022-09-28,1.67,5.47,5.95
2022-09-29,1.68,5.5,6.05
2022-09-30,1.67,5.43,6.1
2022-10-03,1.65,5.43,5.95
2022-10-04,1.6,5.12,5.89
2022-10-05,1.61,5.09,5.98
2022-10-06,1.58,4.95,6.02
2022-10-07,1.6,5.02,6.1
2022-10-10,1.6,5.03,6.11
2022-10-11,1.67,5.25,6.21
2022-10-12,1.71,5.31,6.22
2022-10-13,1.71,5.25,6.32
2022-10-14,1.7,5.15,6.36
2022-10-17,1.7,5.04,6.34
2022-10-18,1.69,4.95,6.3
2022-10-19,1.7,4.97,6.43
2022-10-20,1.69,4.89,6.52
2022-10-21,1.71,4.99,6.51
2022-10-24,1.68,4.91,6.5
2022-10-25,1.69,4.88,6.37
2022-10-26,1.67,4.8,6.31
2022-10-27,1.68,4.76,6.22
2022-10-28,1.66,4.54,6.27
2022-10-31,1.66,4.63,6.34
2022-11-01,1.64,4.61,6.32
2022-11-02,1.62,4.62,6.34
2022-11-03,1.64,4.81,6.42
2022-11-04,1.61,4.77,6.42
2022-11-07,1.59,4.71,6.44
2022-11-08,1.6,4.79,6.36
2022-11-09,1.6,4.99,6.33
2022-11-10,1.58,4.8,6.02
2022-11-11,1.58,4.81,6.02
2022-11-14,1.52,4.67,6.0
2022-11-15,1.48,4.64,5.88
2022-11-16,1.48,4.71,5.8
2022-11-17,1.47,4.75,5.87
2022-11-18,1.45,4.65,5.89
2022-11-21,1.44,4.64,5.89
2022-11-22,1.43,4.57,5.82
2022-11-23,1.42,4.51,5.75
2022-11-24,1.42,4.51,5.75
2022-11-25,1.4,4.52,5.74
2022-11-28,1.4,4.63,5.73
2022-11-29,1.42,4.63,5.79
2022-11-30,1.42,4.55,5.71
2022-12-01,1.41,4.48,5.55
2022-12-02,1.4,4.5,5.52
2022-12-05,1.39,4.43,5.63
2022-12-06,1.39,4.57,5.57
2022-12-07,1.4,4.68,5.47
2022-12-08,1.38,4.55,5.5
2022-12-09,1.37,4.46,5.58
2022-12-12,1.37,4.4,5.59
2022-12-13,1.36,4.34,5.47
2022-12-14,1.37,4.37,5.44
2022-12-15,1.38,4.54,5.44
2022-12-16,1.39,4.67,5.48
2022-12-19,1.4,4.67,5.57
2022-12-20,1.41,4.68,5.66
2022-12-21,1.4,4.56,5.63
2022-12-22,1.39,4.61,5.64
2022-12-23,1.38,4.59,5.69
2022-12-26,,,
2022-12-27,1.38,4.55,5.78
2022-12-28,1.4,4.77,5.8
2022-12-29,1.38,4.81,5.77
2022-12-30,1.38,4.79,5.78
2022-12-31,1.38,4.81,5.8
2023-01-02,,,
2023-01-03,1.4,4.7,5.77
2023-01-04,1.4,4.62,5.7
2023-01-05,1.4,4.58,5.72
2023-01-06,1.4,4.47,5.56
2023-01-09,1.37,4.37,5.5
2023-01-10,1.35,4.33,5.54
2023-01-11,1.34,4.3,5.45
2023-01-12,1.33,4.29,5.33
2023-01-13,1.32,4.21,5.38
2023-01-16,1.32,4.19,5.37
2023-01-17,1.3,4.19,5.37
2023-01-18,1.29,4.25,5.22
2023-01-19,1.3,4.39,5.26
2023-01-20,1.29,4.35,5.34
2023-01-23,1.28,4.27,5.36
2023-01-24,1.29,4.33,5.3
2023-01-25,1.28,4.35,5.29
2023-01-26,1.26,4.24,5.31
2023-01-27,1.25,4.23,5.32
2023-01-30,1.25,4.26,5.36
2023-01-31,1.25,4.3,5.31
2023-02-01,1.25,4.31,5.21
2023-02-02,1.21,3.94,5.17
2023-02-03,1.2,3.95,5.3
2023-02-06,1.2,3.99,5.42
2023-02-07,1.2,3.99,5.44
2023-02-08,1.2,4.07,5.41
2023-02-09,1.2,4.05,5.48
2023-02-10,1.23,4.24,5.56
2023-02-13,1.24,4.23,5.55
2023-02-14,1.23,4.15,5.61
2023-02-15,1.23,4.18,5.64
2023-02-16,1.23,4.24,5.69
2023-02-17,1.26,4.38,5.68
2023-02-20,1.26,4.38,5.68
2023-02-21,1.28,4.49,5.82
2023-02-22,1.28,4.41,5.81
2023-02-23,1.28,4.3,5.77
2023-02-24,1.28,4.28,5.86
2023-02-27,1.28,4.21,5.83
2023-02-28,1.3,4.22,5.84
2023-03-01,1.29,4.17,5.93
2023-03-02,1.27,4.18,5.96
2023-03-03,1.25,4.05,5.85
2023-03-06,1.24,3.97,5.86
2023-03-07,1.25,3.98,5.9
2023-03-08,1.27,4.09,5.94
2023-03-09,1.3,4.27,5.88
2023-03-10,1.37,4.61,5.72
2023-03-13,1.51,5.03,5.63
2023-03-14,1.5,4.74,5.76
2023-03-15,1.64,5.2,5.7
2023-03-16,1.61,4.93,5.81
2023-03-17,1.62,5.17,5.66
2023-03-20,1.62,5.15,5.71
2023-03-21,1.52,4.85,5.73
2023-03-22,1.5,5.0,5.54
2023-03-23,1.52,5.1,5.48
2023-03-24,1.54,5.22,5.5
2023-03-27,1.52,5.03,5.63
2023-03-28,1.52,5.01,5.67
2023-03-29,1.5,4.83,5.67
2023-03-30,1.46,4.74,5.62
2023-03-31,1.45,4.58,5.53
2023-04-03,1.43,4.58,5.45
2023-04-04,1.43,4.73,5.37
2023-04-05,1.45,4.84,5.35
2023-04-06,1.46,4.84,5.35
2023-04-07,,,
2023-04-10,1.45,4.7,5.48
2023-04-11,1.44,4.63,5.47
2023-04-12,1.43,4.62,5.42
2023-04-13,1.42,4.49,5.44
2023-04-14,1.39,4.43,5.5
2023-04-17,1.38,4.41,5.56
2023-04-18,1.37,4.37,5.54
2023-04-19,1.37,4.41,5.57
2023-04-20,1.38,4.54,5.51
2023-04-21,1.38,4.46,5.54
2023-04-24,1.38,4.48,5.48
2023-04-25,1.4,4.64,5.35
2023-04-26,1.41,4.63,5.42
2023-04-27,1.39,4.48,5.51
2023-04-28,1.4,4.5,5.43
2023-04-30,1.41,4.53,5.45
2023-05-01,1.4,4.45,5.58
2023-05-02,1.44,4.7,5.46
2023-05-03,1.45,4.79,5.39
2023-05-04,1.51,4.95,5.43
2023-05-05,1.48,4.77,5.5
2023-05-08,1.49,4.72,5.58
2023-05-09,1.49,4.74,5.6
2023-05-10,1.49,4.78,5.5
2023-05-11,1.49,4.81,5.47
2023-05-12,1.48,4.76,5.53
2023-05-15,1.49,4.77,5.57
2023-05-16,1.49,4.79,5.62
2023-05-17,1.49,4.75,5.67
2023-05-18,1.47,4.69,5.74
2023-05-19,1.45,4.62,5.77
2023-05-22,1.44,4.54,5.78
2023-05-23,1.44,4.6,5.76
2023-05-24,1.44,4.68,5.81
2023-05-25,1.42,4.58,5.88
2023-05-26,1.41,4.53,5.89
2023-05-29,1.41,4.54,5.9
2023-05-30,1.4,4.58,5.75
2023-05-31,1.42,4.69,5.73
2023-06-01,1.42,4.65,5.69
2023-06-02,1.39,4.37,5.77
2023-06-05,1.39,4.39,5.77
2023-06-06,1.39,4.39,5.77
2023-06-07,1.39,4.33,5.84
2023-06-08,1.4,4.39,5.78
2023-06-09,1.4,4.29,5.83
2023-06-12,1.41,4.34,5.81
2023-06-13,1.39,4.18,5.88
2023-06-14,1.38,4.18,5.86
2023-06-15,1.37,4.21,5.77
2023-06-16,1.35,4.15,5.8
2023-06-19,1.35,4.15,5.8
2023-06-20,1.35,4.22,5.76
2023-06-21,1.35,4.32,5.76
2023-06-22,1.34,4.3,5.82
2023-06-23,1.35,4.4,5.79
2023-06-26,1.36,4.45,5.76
2023-06-27,1.34,4.3,5.81
2023-06-28,1.34,4.27,5.76
2023-06-29,1.31,4.14,5.86
2023-06-30,1.3,4.05,5.83
2023-07-03,1.29,3.99,5.87
2023-07-04,1.29,3.99,5.87
2023-07-05,1.28,4.01,5.9
2023-07-06,1.29,4.1,6.01
2023-07-07,1.28,4.08,6.0
2023-07-10,1.29,4.13,5.95
2023-07-11,1.28,4.05,5.92
2023-07-12,1.27,3.95,5.78
2023-07-13,1.27,3.97,5.67
2023-07-14,1.28,3.9,5.74
2023-07-17,1.29,3.97,5.74
2023-07-18,1.28,3.9,5.73
2023-07-19,1.28,3.89,5.68
2023-07-20,1.27,3.9,5.77
2023-07-21,1.26,3.89,5.76
2023-07-24,1.25,3.82,5.78
2023-07-25,1.24,3.84,5.79
2023-07-26,1.23,3.91,5.75
2023-07-27,1.2,3.78,5.84
2023-07-28,1.19,3.82,5.79
2023-07-31,1.19,3.79,5.77
2023-08-01,1.19,3.82,5.84
2023-08-02,1.21,3.96,5.89
2023-08-03,1.22,3.98,5.98
2023-08-04,1.22,4.01,5.86
2023-08-07,1.22,3.97,5.88
2023-08-08,1.23,4.0,5.84
2023-08-09,1.23,3.94,5.84
2023-08-10,1.22,3.83,5.92
2023-08-11,1.22,3.83,5.98
2023-08-14,1.22,3.79,6.01
2023-08-15,1.23,3.85,6.04
2023-08-16,1.25,3.81,6.09
2023-08-17,1.26,3.95,6.11
2023-08-18,1.27,4.02,6.09
2023-08-21,1.26,3.97,6.17
2023-08-22,1.25,3.93,6.16
2023-08-23,1.25,3.92,6.03
2023-08-24,1.23,3.91,6.06
2023-08-25,1.23,3.9,6.07
2023-08-28,1.22,3.86,6.04
2023-08-29,1.22,3.87,5.94
2023-08-30,1.22,3.8,5.94
2023-08-31,1.22,3.85,5.92
2023-09-01,1.22,3.81,5.99
2023-09-04,1.22,3.81,5.99
2023-09-05,1.22,3.83,6.07
2023-09-06,1.23,3.86,6.11
2023-09-07,1.23,3.9,6.07
2023-09-08,1.23,3.85,6.06
2023-09-11,1.23,3.82,6.08
2023-09-12,1.23,3.84,6.08
2023-09-13,1.24,3.85,6.07
2023-09-14,1.23,3.78,6.08
2023-09-15,1.22,3.79,6.11
2023-09-18,1.22,3.82,6.11
2023-09-19,1.21,3.82,6.14
2023-09-20,1.2,3.77,6.15
2023-09-21,1.2,3.89,6.23
2023-09-22,1.2,3.93,6.17
2023-09-25,1.19,3.97,6.25
2023-09-26,1.2,4.04,6.26
2023-09-27,1.21,4.03,6.33
2023-09-28,1.23,4.09,6.31
2023-09-29,1.24,4.03,6.3
2023-09-30,1.25,4.03,6.33
2023-10-02,1.26,4.11,6.44
2023-10-03,1.28,4.26,6.57
2023-10-04,1.29,4.37,6.49
2023-10-05,1.29,4.38,6.48
2023-10-06,1.29,4.33,6.54
2023-10-09,1.29,4.34,6.55
2023-10-10,1.29,4.26,6.4
2023-10-11,1.27,4.25,6.35
2023-10-12,1.26,4.25,6.46
2023-10-13,1.27,4.3,6.4
2023-10-16,1.27,4.27,6.47
2023-10-17,1.27,4.25,6.59
2023-10-18,1.29,4.32,6.66
2023-10-19,1.31,4.37,6.72
2023-10-20,1.33,4.52,6.67
2023-10-23,1.33,4.51,6.61
2023-10-24,1.31,4.41,6.58
2023-10-25,1.3,4.37,6.67
2023-10-26,1.3,4.5,6.58
2023-10-27,1.31,4.53,6.57
2023-10-30,1.32,4.5,6.62
2023-10-31,1.32,4.42,6.66
2023-11-01,1.33,4.47,6.53
2023-11-02,1.29,4.15,6.43
2023-11-03,1.29,4.04,6.31
2023-11-06,1.28,4.0,6.39
2023-11-07,1.29,4.08,6.33
2023-11-08,1.28,4.08,6.29
2023-11-09,1.27,4.04,6.4
2023-11-10,1.26,4.03,6.38
2023-11-13,1.25,4.03,6.37
2023-11-14,1.23,3.92,6.15
2023-11-15,1.22,3.89,6.23
2023-11-16,1.21,4.02,6.14
2023-11-17,1.2,3.99,6.13
2023-11-20,1.18,3.92,6.1
2023-11-21,1.17,3.95,6.07
2023-11-22,1.15,3.9,6.06
2023-11-23,1.15,3.9,6.06
2023-11-24,1.14,3.85,6.11
2023-11-27,1.14,3.89,6.01
2023-11-28,1.14,3.9,5.95
2023-11-29,1.11,3.8,5.85
2023-11-30,1.11,3.84,5.92
2023-12-01,1.11,3.87,5.79
2023-12-04,1.1,3.8,5.84
2023-12-05,1.11,3.8,5.76
2023-12-06,1.12,3.79,5.73
2023-12-07,1.11,3.77,5.74
2023-12-08,1.1,3.75,5.81
2023-12-11,1.1,3.79,5.82
2023-12-12,1.09,3.76,5.78
2023-12-13,1.08,3.79,5.56
2023-12-14,1.04,3.47,5.41
2023-12-15,1.04,3.51,5.43
2023-12-18,1.05,3.51,5.47
2023-12-19,1.05,3.46,5.45
2023-12-20,1.06,3.43,5.4
2023-12-21,1.07,3.41,5.41
2023-12-22,1.07,3.39,5.42
2023-12-25,,,
2023-12-26,1.06,3.37,5.41
2023-12-27,1.05,3.34,5.31
2023-12-28,1.04,3.32,5.34
2023-12-29,1.04,3.34,5.35
2023-12-31,1.04,3.39,5.36
2024-01-01,,,
2024-01-02,1.06,3.54,5.43
2024-01-03,1.09,3.71,5.44
2024-01-04,1.09,3.69,5.51
2024-01-05,1.09,3.68,5.54
2024-01-08,1.08,3.63,5.5
2024-01-09,1.06,3.59,5.48
2024-01-10,1.04,3.5,5.47
2024-01-11,1.03,3.55,5.4
2024-01-12,1.02,3.56,5.34
2024-01-15,1.02,3.54,5.33
2024-01-16,1.02,3.58,5.43
2024-01-17,1.02,3.62,5.5
2024-01-18,1.01,3.58,5.5
2024-01-19,1.01,3.54,5.51
2024-01-22,1.01,3.49,5.48
2024-01-23,1.01,3.51,5.51
2024-01-24,0.99,3.44,5.53
2024-01-25,0.98,3.45,5.46
2024-01-26,0.97,3.39,5.48
2024-01-29,0.98,3.41,5.42
2024-01-30,1.0,3.42,5.43
2024-01-31,1.02,3.59,5.36
2024-02-01,1.04,3.56,5.31
2024-02-02,1.02,3.47,5.45
2024-02-05,1.0,3.5,5.55
2024-02-06,1.0,3.52,5.48
2024-02-07,1.0,3.43,5.51
2024-02-08,0.99,3.38,5.55
2024-02-09,1.0,3.33,5.58
2024-02-12,1.0,3.35,5.57
2024-02-13,0.99,3.36,5.72
2024-02-14,0.98,3.38,5.65
2024-02-15,0.97,3.35,5.61
2024-02-16,0.96,3.34,5.66
2024-02-19,0.96,3.34,5.66
2024-02-20,0.96,3.37,5.62
2024-02-21,0.94,3.34,5.66
2024-02-22,0.93,3.22,5.66
2024-02-23,0.95,3.23,5.62
2024-02-26,0.96,3.23,5.66
2024-02-27,0.96,3.26,5.69
2024-02-28,0.98,3.31,5.66
2024-02-29,1.0,3.29,5.67
2024-03-01,1.01,3.32,5.61
2024-03-04,1.0,3.26,5.64
2024-03-05,1.01,3.31,5.58
2024-03-06,1.01,3.27,5.55
2024-03-07,1.0,3.27,5.52
2024-03-08,0.99,3.26,5.5
2024-03-11,0.98,3.26,5.52
2024-03-12,0.97,3.2,5.56
2024-03-13,0.95,3.15,5.57
2024-03-14,0.94,3.15,5.64
2024-03-15,0.93,3.16,5.66
2024-03-18,0.92,3.13,5.66
2024-03-19,0.92,3.1,5.62
2024-03-20,0.92,3.14,5.6
2024-03-21,0.91,3.05,5.58
2024-03-22,0.92,3.08,5.53
2024-03-25,0.92,3.11,5.56
2024-03-26,0.93,3.15,5.56
2024-03-27,0.94,3.15,5.53
2024-03-28,0.93,3.12,5.54
2024-03-29,,,
2024-03-31,0.94,3.15,5.56
2024-04-01,0.93,3.12,5.66
2024-04-02,0.93,3.23,5.67
2024-04-03,0.92,3.23,5.65
2024-04-04,0.92,3.24,5.61
2024-04-05,0.92,3.18,5.7
2024-04-08,0.91,3.15,5.71
2024-04-09,0.91,3.14,5.66
2024-04-10,0.89,3.1,5.84
2024-04-11,0.89,3.16,5.85
2024-04-12,0.92,3.25,5.82
2024-04-15,0.92,3.28,5.9
2024-04-16,0.95,3.36,5.98
2024-04-17,0.95,3.42,5.91
2024-04-18,0.94,3.39,5.95
2024-04-19,0.94,3.37,5.94
2024-04-22,0.93,3.29,5.93
2024-04-23,0.92,3.2,5.89
2024-04-24,0.92,3.19,5.92
2024-04-25,0.92,3.24,5.98
2024-04-26,0.9,3.16,5.94
2024-04-29,0.9,3.12,5.89
2024-04-30,0.91,3.18,5.97
2024-05-01,0.91,3.21,5.92
2024-05-02,0.9,3.16,5.85
2024-05-03,0.89,3.08,5.76
2024-05-06,0.88,3.03,5.75
2024-05-07,0.88,3.06,5.72
2024-05-08,0.89,3.1,5.76
2024-05-09,0.89,3.14,5.74
2024-05-10,0.89,3.12,5.78
2024-05-13,0.9,3.14,5.77
2024-05-14,0.9,3.14,5.73
2024-05-15,0.9,3.13,5.63
2024-05-16,0.89,3.08,5.66
2024-05-17,0.89,3.09,5.69
2024-05-20,0.88,3.07,5.7
2024-05-21,0.89,3.07,5.68
2024-05-22,0.89,3.11,5.7
2024-05-23,0.89,3.1,5.75
2024-05-24,0.89,3.11,5.75
2024-05-27,0.89,3.12,5.75
2024-05-28,0.88,3.09,5.8
2024-05-29,0.88,3.15,5.85
2024-05-30,0.88,3.19,5.79
2024-05-31,0.88,3.2,5.75
2024-06-03,0.88,3.17,5.67
2024-06-04,0.9,3.22,5.62
2024-06-05,0.91,3.2,5.59
2024-06-06,0.92,3.2,5.6
2024-06-07,0.9,3.15,5.72
2024-06-10,0.9,3.15,5.75
2024-06-11,0.91,3.19,5.69
2024-06-12,0.9,3.09,5.62
2024-06-13,0.92,3.2,5.55
2024-06-14,0.95,3.29,5.55
2024-06-16,,,
2024-06-17,0.95,3.26,5.63
2024-06-18,0.96,3.24,5.57
2024-06-19,0.96,3.24,5.57
2024-06-20,0.96,3.23,5.6
2024-06-21,0.96,3.21,5.61
2024-06-23,,,
2024-06-24,0.96,3.19,5.6
2024-06-25,0.96,3.19,5.6
2024-06-26,0.97,3.18,5.68
2024-06-27,0.96,3.21,5.64
2024-06-28,0.96,3.18,5.69
2024-06-30,0.96,3.21,5.71
2024-07-01,0.94,3.21,5.78
2024-07-02,0.93,3.23,5.73
2024-07-03,0.93,3.25,5.65
2024-07-04,0.93,3.25,5.65
2024-07-05,0.92,3.27,5.57
2024-07-07,,,
2024-07-08,0.92,3.2,5.57
2024-07-09,0.92,3.21,5.58
2024-07-10,0.92,3.17,5.58
2024-07-11,0.93,3.18,5.49
2024-07-12,0.92,3.19,5.45
2024-07-14,,,
2024-07-15,0.92,3.13,5.47
2024-07-16,0.92,3.08,5.43
2024-07-17,0.93,3.09,5.43
2024-07-18,0.93,3.09,5.47
2024-07-19,0.93,3.09,5.51
2024-07-21,,,
2024-07-22,0.93,3.05,5.52
2024-07-23,0.93,3.02,5.51
2024-07-24,0.96,3.1,5.54
2024-07-25,0.95,3.08,5.53
2024-07-26,0.95,3.1,5.47
2024-07-28,,,
2024-07-29,0.95,3.13,5.45
2024-07-30,0.96,3.2,5.44
2024-07-31,0.97,3.25,5.37
2024-08-01,1.0,3.35,5.32
2024-08-02,1.06,3.72,5.17
2024-08-04,,,
2024-08-05,1.12,3.93,5.24
2024-08-06,1.08,3.67,5.31
2024-08-07,1.07,3.57,5.33
2024-08-08,1.05,3.48,5.36
2024-08-09,1.05,3.49,5.32
2024-08-11,,,
2024-08-12,1.05,3.52,5.28
2024-08-13,1.04,3.54,5.22
2024-08-14,1.02,3.46,5.18
2024-08-15,0.98,3.31,5.24
2024-08-16,0.98,3.29,5.21
2024-08-18,,,
2024-08-19,0.97,3.21,5.19
2024-08-20,0.98,3.25,5.14
2024-08-21,0.98,3.27,5.1
2024-08-22,0.97,3.21,5.16
2024-08-23,0.96,3.19,5.09
2024-08-25,,,
2024-08-26,0.96,3.15,5.1
2024-08-27,0.96,3.17,5.1
2024-08-28,0.96,3.19,5.11
2024-08-29,0.96,3.15,5.12
2024-08-30,0.95,3.13,5.16
2024-08-31,0.96,3.17,5.17
2024-09-01,,,
2024-09-02,0.96,3.17,5.17
2024-09-03,0.98,3.31,5.12
2024-09-04,0.99,3.35,5.05
2024-09-05,0.99,3.29,5.03
2024-09-06,0.99,3.39,5.0
2024-09-08,,,
2024-09-09,0.99,3.36,4.99
2024-09-10,1.01,3.46,4.95
2024-09-11,1.01,3.44,4.97
2024-09-12,0.99,3.39,4.97
2024-09-13,0.99,3.37,4.93
2024-09-15,,,
2024-09-16,0.98,3.32,4.88
2024-09-17,0.97,3.25,4.89
2024-09-18,0.95,3.21,4.93
2024-09-19,0.93,3.1,4.9
2024-09-20,0.93,3.15,4.9
2024-09-22,,,
2024-09-23,0.92,3.15,4.91
2024-09-24,0.92,3.21,4.88
2024-09-25,0.92,3.19,4.93
2024-09-26,0.92,3.14,4.95
2024-09-27,0.92,3.14,4.9
2024-09-29,,,
2024-09-30,0.92,3.03,4.97
2024-10-01,0.92,3.07,4.92
2024-10-02,0.91,3.06,4.95
2024-10-03,0.9,3.04,5.0
2024-10-04,0.87,2.89,5.11
2024-10-06,,,
2024-10-07,0.86,2.95,5.16
2024-10-08,0.87,2.99,5.15
2024-10-09,0.85,2.94,5.18
2024-10-10,0.84,2.99,5.17
2024-10-11,0.84,2.98,5.16
2024-10-13,,,
2024-10-14,0.84,2.97,5.15
2024-10-15,0.83,2.93,5.11
2024-10-16,0.83,2.9,5.09
2024-10-17,0.83,2.89,5.15
2024-10-18,0.83,2.88,5.14
2024-10-20,,,
2024-10-21,0.85,2.88,5.25
2024-10-22,0.85,2.92,5.27
2024-10-23,0.86,2.95,5.31
2024-10-24,0.86,2.93,5.29
2024-10-25,0.85,2.89,5.31
2024-10-27,,,
2024-10-28,0.84,2.82,5.34
2024-10-29,0.84,2.85,5.33
2024-10-30,0.84,2.8,5.34
2024-10-31,0.86,2.88,5.38
2024-11-01,0.86,2.83,5.45
2024-11-03,,,
2024-11-04,0.86,2.87,5.38
2024-11-05,0.84,2.86,5.36
2024-11-06,0.8,2.74,5.44
2024-11-07,0.78,2.73,5.33
2024-11-08,0.77,2.63,5.31
2024-11-10,,,
2024-11-11,0.77,2.63,5.31
2024-11-12,0.77,2.61,5.42
2024-11-13,0.78,2.64,5.42
2024-11-14,0.8,2.6,5.44
2024-11-15,0.8,2.72,5.44
2024-11-17,,,
2024-11-18,0.8,2.72,5.41
2024-11-19,0.8,2.69,5.39
2024-11-20,0.81,2.67,5.42
2024-11-21,0.81,2.61,5.44
2024-11-22,0.8,2.61,5.44
2024-11-24,,,
2024-11-25,0.8,2.64,5.3
2024-11-26,0.81,2.68,5.33
2024-11-27,0.82,2.69,5.29
2024-11-28,0.82,2.69,5.29
2024-11-29,0.82,2.72,5.24
2024-11-30,0.83,2.74,5.27
2024-12-01,,,
2024-12-02,0.81,2.68,5.26
2024-12-03,0.8,2.66,5.28
2024-12-04,0.8,2.66,5.22
2024-12-05,0.81,2.66,5.23
2024-12-06,0.81,2.67,5.2
2024-12-08,,,
2024-12-09,0.81,2.67,5.23
2024-12-10,0.8,2.67,5.25
2024-12-11,0.78,2.64,5.27
2024-12-12,0.79,2.66,5.32
2024-12-13,0.78,2.68,5.38
2024-12-15,,,
2024-12-16,0.78,2.69,5.37
2024-12-17,0.79,2.75,5.37
2024-12-18,0.79,2.73,5.48
2024-12-19,0.82,2.91,5.54
2024-12-20,0.82,2.86,5.52
2024-12-22,,,
2024-12-23,0.82,2.85,5.56
2024-12-24,,2.86,5.55
2024-12-25,,,
2024-12-26,0.81,2.86,5.54
2024-12-27,0.81,2.84,5.56
2024-12-29,,,
2024-12-30,0.82,2.94,5.5
2024-12-31,0.82,2.92,5.55
2025-01-01,,,
2025-01-02,0.83,2.88,5.54
2025-01-03,0.83,2.81,5.57
2025-01-05,,,
2025-01-06,0.84,2.76,5.59
2025-01-07,0.84,2.79,5.64
2025-01-08,0.83,2.84,5.62
2025-01-09,0.83,2.82,5.62
2025-01-10,0.83,2.81,5.72
2025-01-12,,,
2025-01-13,0.84,2.85,5.75
2025-01-14,0.84,2.8,5.73
2025-01-15,0.83,2.72,5.6
2025-01-16,0.83,2.73,5.56
2025-01-17,0.82,2.64,5.57
2025-01-19,,,
2025-01-20,0.82,2.64,5.57
2025-01-21,0.82,2.61,5.53
2025-01-22,0.81,2.59,5.55
2025-01-23,0.8,2.61,5.57
2025-01-24,0.8,2.6,5.54
2025-01-26,,,
2025-01-27,0.81,2.66,5.47
2025-01-28,0.81,2.66,5.47
2025-01-29,0.81,2.68,5.49
2025-01-30,0.81,2.67,5.47
2025-01-31,0.82,2.68,5.51
2025-02-02,,,
2025-02-03,0.83,2.73,5.52
2025-02-04,0.82,2.71,5.49
2025-02-05,0.83,2.69,5.42
2025-02-06,0.84,2.66,5.44
2025-02-07,0.84,2.67,5.5
2025-02-09,,,
2025-02-10,0.84,2.66,5.5
2025-02-11,0.83,2.66,5.52
2025-02-12,0.81,2.65,5.59
2025-02-13,0.81,2.65,5.5
2025-02-14,0.8,2.62,5.44
2025-02-16,,,
2025-02-17,0.8,2.62,5.44
2025-02-18,0.79,2.62,5.49
2025-02-19,0.79,2.68,5.47
2025-02-20,0.8,2.66,5.46
2025-02-21,0.81,2.78,5.4
2025-02-23,,,
2025-02-24,0.81,2.78,5.38
2025-02-25,0.84,2.84,5.3
2025-02-26,0.84,2.81,5.28
2025-02-27,0.85,2.81,5.3
2025-02-28,0.88,2.87,5.29
2025-03-02,,,
2025-03-03,0.89,2.94,5.26
2025-03-04,0.89,2.99,5.3
2025-03-05,0.87,2.88,5.34
2025-03-06,0.88,2.99,5.35
2025-03-07,0.89,2.97,5.38
2025-03-09,,,
2025-03-10,0.91,3.16,5.32
2025-03-11,0.94,3.22,5.39
2025-03-12,0.96,3.2,5.44
2025-03-13,0.97,3.4,5.42
2025-03-14,0.94,3.25,5.44
2025-03-16,,,
2025-03-17,0.93,3.18,5.42
2025-03-18,0.93,3.23,5.41
2025-03-19,0.91,3.19,5.35
2025-03-20,0.91,3.17,5.32
2025-03-21,0.92,3.21,5.35
2025-03-23,,,
2025-03-24,0.9,3.05,5.4
2025-03-25,0.9,3.09,5.38
2025-03-26,0.91,3.19,5.42
2025-03-27,0.91,3.27,5.43
2025-03-28,0.94,3.47,5.36
2025-03-29,,,
2025-03-30,,,
2025-03-31,0.97,3.55,5.38
2025-04-01,0.98,3.5,5.35
2025-04-02,0.96,3.42,5.36
2025-04-03,1.06,4.01,5.32
2025-04-04,1.14,4.45,5.38
2025-04-06,,,
2025-04-07,1.2,4.61,5.61
2025-04-08,1.18,4.57,5.64
2025-04-09,1.21,4.37,5.74
2025-04-10,1.18,4.42,5.77
2025-04-11,1.18,4.26,5.84
2025-04-13,,,
2025-04-14,1.15,4.14,5.7
2025-04-15,1.14,4.09,5.67
2025-04-16,1.13,4.16,5.6
2025-04-17,1.11,4.02,5.61
2025-04-18,,,
2025-04-20,,,
2025-04-21,1.12,4.16,5.68
2025-04-22,1.11,3.99,5.66
2025-04-23,1.08,3.75,5.62
2025-04-24,1.06,3.73,5.54
2025-04-25,1.04,3.67,5.47
2025-04-27,,,
2025-04-28,1.04,3.73,5.41
2025-04-29,1.06,3.74,5.39
2025-04-30,1.09,3.94,5.42
2025-05-01,1.09,3.78,5.49
2025-05-02,1.06,3.6,5.56
2025-05-03,,,
2025-05-04,,,
2025-05-05,1.05,3.6,5.57
2025-05-06,1.05,3.66,5.54
2025-05-07,1.05,3.67,5.51
2025-05-08,1.02,3.51,5.58
2025-05-09,1.02,3.53,5.56
2025-05-10,,,
2025-05-11,,,
2025-05-12,0.97,3.15,5.6
2025-05-13,0.94,3.09,5.58
2025-05-14,0.93,3.1,5.61
2025-05-15,0.94,3.2,5.53
2025-05-16,0.93,3.16,5.52
2025-05-18,,,
2025-05-19,0.92,3.21,5.51
2025-05-20,0.9,3.2,5.51
2025-05-21,0.91,3.25,5.6
2025-05-22,0.92,3.32,5.57
2025-05-23,0.93,3.4,5.56
2025-05-25,,,
2025-05-26,0.93,3.4,5.56
2025-05-27,0.91,3.24,5.49
2025-05-28,0.9,3.23,5.52
2025-05-29,0.9,3.22,5.46
2025-05-30,0.91,3.31,5.43
2025-05-31,0.92,3.32,5.45
2025-06-01,,,
2025-06-02,0.91,3.27,5.49
2025-06-03,0.89,3.19,5.48
2025-06-04,0.89,3.23,5.38
2025-06-05,0.89,3.18,5.42
2025-06-06,0.87,3.09,5.51
2025-06-07,,,
2025-06-08,,,
2025-06-09,0.87,3.12,5.48
2025-06-10,0.87,3.12,5.46
2025-06-11,0.87,3.12,5.4
2025-06-12,0.88,3.17,5.36
2025-06-13,0.88,3.18,5.41
2025-06-15,,,
2025-06-16,0.87,3.1,5.43
2025-06-17,0.88,3.17,5.38
2025-06-18,0.88,3.16,5.38
2025-06-19,0.88,3.16,5.38
2025-06-20,0.88,3.13,5.37
2025-06-22,,,
2025-06-23,0.89,3.12,5.34
2025-06-24,0.88,3.06,5.29
2025-06-25,0.88,3.04,5.28
2025-06-26,0.89,3.04,5.24
2025-06-27,0.88,3.02,5.26
2025-06-29,,,
2025-06-30,0.86,2.96,5.21
2025-07-01,0.84,2.91,5.22
2025-07-02,0.83,2.88,5.22
2025-07-03,0.8,2.8,5.26
2025-07-04,0.8,2.8,5.26
2025-07-06,,,
2025-07-07,0.81,2.86,5.3
2025-07-08,0.82,2.92,5.32
2025-07-09,0.83,2.94,5.28
2025-07-10,0.83,2.92,5.28
2025-07-11,0.83,2.97,5.33
2025-07-13,,,
2025-07-14,0.82,2.95,5.33
2025-07-15,0.81,2.95,5.37
2025-07-16,0.81,3.0,5.33
2025-07-17,0.8,2.91,5.33
2025-07-18,0.8,2.93,5.3
2025-07-20,,,
2025-07-21,0.8,2.89,5.26
2025-07-22,0.81,2.9,5.23
2025-07-23,0.79,2.83,5.27
2025-07-24,0.79,2.82,5.28
2025-07-25,0.78,2.84,5.25
2025-07-27,,,
2025-07-28,0.78,2.82,5.27
2025-07-29,0.79,2.86,5.21
2025-07-30,0.78,2.89,5.25
2025-07-31,0.79,2.86,5.27
2025-08-01,0.82,3.13,5.14
2025-08-03,,,
2025-08-04,0.82,3.02,5.13
2025-08-05,0.82,2.98,5.13
2025-08-06,0.81,2.98,5.13
2025-08-07,0.8,2.95,5.14
2025-08-08,0.8,2.94,5.17
2025-08-09,,,
2025-08-10,,,
2025-08-11,0.8,2.94,5.17
2025-08-12,0.79,2.93,5.16
2025-08-13,0.78,2.9,5.09
2025-08-14,0.77,2.89,5.12
2025-08-15,0.75,2.88,5.14
2025-08-17,,,
2025-08-18,0.75,2.88,5.15
2025-08-19,0.76,2.9,5.13
2025-08-20,0.77,2.94,5.13
2025-08-21,0.77,2.95,5.17
2025-08-22,0.77,2.88,5.09
2025-08-24,,,
2025-08-25,0.76,2.8,5.1
2025-08-26,0.78,2.78,5.09
2025-08-27,0.78,2.78,5.08
2025-08-28,0.79,2.75,5.06
2025-08-29,0.8,2.82,5.08
2025-08-31,0.81,2.84,5.1
2025-09-01,0.81,2.84,5.1
2025-09-02,0.82,2.92,5.15
2025-09-03,0.81,2.88,5.1
2025-09-04,0.79,2.84,5.03
2025-09-05,0.79,2.83,4.97
2025-09-07,,,
2025-09-08,0.8,2.84,4.93
2025-09-09,0.8,2.87,4.97
2025-09-10,0.79,2.84,4.94
2025-09-11,0.78,2.78,4.91
2025-09-12,0.77,2.79,4.93
2025-09-14,,,
2025-09-15,0.75,2.75,4.89
2025-09-16,0.76,2.79,4.87
2025-09-17,0.76,2.79,4.91
2025-09-18,0.75,2.71,4.93
2025-09-19,0.74,2.72,4.93
2025-09-21,,,
2025-09-22,0.74,2.69,4.95
2025-09-23,0.75,2.71,4.92
2025-09-24,0.75,2.7,4.97
2025-09-25,0.76,2.76,5.01
2025-09-26,0.75,2.75,5.0
2025-09-27,,,
2025-09-28,,,
2025-09-29,0.75,2.74,4.97
2025-09-30,0.76,2.8,5.01
2025-10-01,0.76,2.81,4.97
2025-10-02,0.75,2.81,4.95
2025-10-03,0.75,2.8,4.97
2025-10-04,,,
2025-10-05,,,
2025-10-06,0.74,2.76,5.0
2025-10-07,0.75,2.82,4.97
2025-10-08,0.75,2.84,4.98
2025-10-09,0.77,2.95,5.01
2025-10-10,0.81,3.18,4.98
2025-10-11,,,
2025-10-12,,,
2025-10-13,0.81,3.18,4.98
2025-10-14,0.81,3.11,4.93
2025-10-15,0.78,2.95,4.92
2025-10-16,0.8,3.04,4.88
2025-10-17,0.8,3.04,4.9
2025-10-18,,,
2025-10-19,,,
2025-10-20,0.79,2.99,4.88
2025-10-21,0.79,2.97,4.87
2025-10-22,0.8,3.01,4.88
2025-10-23,0.78,2.96,4.9
2025-10-24,0.77,2.88,4.88
2025-10-26,,,
2025-10-27,0.76,2.8,4.86
2025-10-28,0.76,2.82,4.86
2025-10-29,0.75,2.76,4.94
2025-10-30,,,
